,REF,date,totalAmount,amountToWord,currency,importer,cityOfImporter,repImporter,cityOfrepImporter,exporter,cityOfExporter,repExporter,cityOfRepExporter,numOfClient,laoding,Discharge,Origin
0,G-BBY-0108,24.01.2019,16953,sixteen thousand nine hundred fifty three,EURO,Tianjin Kaigui Machinery Co.LTD,Tianjin- China,BEYLERBEYI GENERAL TRADING LLC,Dubi-UAE, BREACKER AG   ,SWITZERLAND,,,,SWITZERLAND,Tianjin- China,SWITZERLAND
1,G-BBY-0130,27.01.2019,120670,one hundred twenty thousand six hundred seventy,EURO,Tianjin Kaigui Machinery Co.LTD,Tianjin- China,BEYLERBEYI GENERAL TRADING LLC,Dubi-UAE, CHEMEM COMPANY LIMITED   ,CHINA,,,,CHINA,Tianjin- China,CHINA
2,G-BBY-0007,10.01.2019,192051,one hundred ninety two thousand fifty one,AED,Tianjin Kaigui Machinery Co.LTD,Tianjin- China,BEYLERBEYI GENERAL TRADING LLC,Dubi-UAE,,, CIELO OESTE GENERAL TRADING FZE                      ,DUBAI- UAE,,,Tianjin- China,
3,G-BBY-0053,08.01.2019,37514,thirty seven thousand five hundred fourteen,EURO,Tianjin Kaigui Machinery Co.LTD,Tianjin- China,BEYLERBEYI GENERAL TRADING LLC,Dubi-UAE, CIOTOLA S.R.L   ,ITALY,,,,ITALY,Tianjin- China,ITALY
4,G-BBY-0116,24.01.2019,1557,one thousand five hundred fifty seven,EURO,Tianjin Kaigui Machinery Co.LTD,Tianjin- China,BEYLERBEYI GENERAL TRADING LLC,Dubi-UAE, CRYSMIT PHOTONICS LIMITED,CHINA,,,,CHINA,Tianjin- China,CHINA
5,G-BBY-0111,24.01.2019,8502,eight thousand five hundred two,EURO,Tianjin Kaigui Machinery Co.LTD,Tianjin- China,BEYLERBEYI GENERAL TRADING LLC,Dubi-UAE, FALLER BARS LIMITED       ,UNITED KINGDOM,,,,UNITED KINGDOM,Tianjin- China,UNITED KINGDOM
6,G-BBY-0038,06.01.2019,73515,seventy three thousand five hundred fifteen,EURO,Tianjin Kaigui Machinery Co.LTD,Tianjin- China,BEYLERBEYI GENERAL TRADING LLC,Dubi-UAE, GIT HONG KONG LIMITED      ,HONGKONG,,,,HONGKONG,Tianjin- China,HONGKONG
7,G-BBY-0075,12.01.2019,37000,thirty seven thousand,EURO,Tianjin Kaigui Machinery Co.LTD,Tianjin- China,BEYLERBEYI GENERAL TRADING LLC,Dubi-UAE, GREEN INDUSTRIES (HONG KONG) LIMITED,HONGKONG- CHINA,,,,HONGKONG- CHINA,Tianjin- China, CHINA
8,G-BBY-0103,21.01.2019,106243,one hundred six thousand two hundred forty three,EURO,Tianjin Kaigui Machinery Co.LTD,Tianjin- China,BEYLERBEYI GENERAL TRADING LLC,Dubi-UAE, HAINING FUXING COMPUND NEW MATERIAL CO LTD,CHINA,,,,CHINA,Tianjin- China,CHINA
9,G-BBY-0068,12.01.2019,29120,twenty nine thousand one hundred twenty,EURO,Tianjin Kaigui Machinery Co.LTD,Tianjin- China,BEYLERBEYI GENERAL TRADING LLC,Dubi-UAE, KUIBURI FRUIT CANNING CO- LTD,THAILAND,,,,THAILAND,Tianjin- China,THAILAND
10,G-BBY-0126,26.01.2019,37700,thirty seven thousand seven hundred,EURO,Tianjin Kaigui Machinery Co.LTD,Tianjin- China,BEYLERBEYI GENERAL TRADING LLC,Dubi-UAE, LAMIGRAF S.A.U   ,SPAIN,,,,SPAIN,Tianjin- China,SPAIN
11,G-BBY-0054,08.01.2019,29940,twenty nine thousand nine hundred forty,EURO,Tianjin Kaigui Machinery Co.LTD,Tianjin- China,BEYLERBEYI GENERAL TRADING LLC,Dubi-UAE, MA. TE. CO. SRL  ,ITALY,,,,ITALY,Tianjin- China,ITALY
12,G-BBY-0055,08.01.2019,16885,sixteen thousand eight hundred eighty five,EURO,Tianjin Kaigui Machinery Co.LTD,Tianjin- China,BEYLERBEYI GENERAL TRADING LLC,Dubi-UAE, MA. TE. CO. SRL  ,ITALY,,,,ITALY,Tianjin- China,ITALY
13,G-BBY-0056,08.01.2019,20190,twenty thousand one hundred ninety,EURO,Tianjin Kaigui Machinery Co.LTD,Tianjin- China,BEYLERBEYI GENERAL TRADING LLC,Dubi-UAE, MA. TE. CO. SRL  ,ITALY,,,,ITALY,Tianjin- China,ITALY
14,G-BBY-0083,15.01.2019,14551,fourteen thousand five hundred fifty one,EURO,Tianjin Kaigui Machinery Co.LTD,Tianjin- China,BEYLERBEYI GENERAL TRADING LLC,Dubi-UAE, MANTRADE CORPORATION LIMITED  ,HONGKONG- CHINA,,,,HONGKONG- CHINA,Tianjin- China, CHINA
15,G-BBY-0133,29.01.2019,173267,one hundred seventy three thousand two hundred sixty seven,EURO,Tianjin Kaigui Machinery Co.LTD,Tianjin- China,BEYLERBEYI GENERAL TRADING LLC,Dubi-UAE, MARFRIG GLOBAL FOODS S A,BRAZIL,,,,BRAZIL,Tianjin- China,BRAZIL
16,G-BBY-0134,29.01.2019,214222,two hundred fourteen thousand two hundred twenty two,EURO,Tianjin Kaigui Machinery Co.LTD,Tianjin- China,BEYLERBEYI GENERAL TRADING LLC,Dubi-UAE, MARFRIG GLOBAL FOODS S A,BRAZIL,,,,BRAZIL,Tianjin- China,BRAZIL
17,G-BBY-0140,30.01.2019,213244,two hundred thirteen thousand two hundred forty four,EURO,Tianjin Kaigui Machinery Co.LTD,Tianjin- China,BEYLERBEYI GENERAL TRADING LLC,Dubi-UAE, MARFRIG GLOBAL FOODS S A      ,BRAZIL,,,,BRAZIL,Tianjin- China,BRAZIL
18,G-BBY-0086,15.01.2019,24472,twenty four thousand four hundred seventy two,EURO,Tianjin Kaigui Machinery Co.LTD,Tianjin- China,BEYLERBEYI GENERAL TRADING LLC,Dubi-UAE, MONNO CORPORATION ,BANGALADESH,,,,BANGALADESH,Tianjin- China,BANGALADESH
19,G-BBY-0070,12.01.2019,31739,thirty one thousand seven hundred thirty nine,EURO,Tianjin Kaigui Machinery Co.LTD,Tianjin- China,BEYLERBEYI GENERAL TRADING LLC,Dubi-UAE, NINGBO ACCU ELECTRIC DEVICES INDUSTRY CO LTD,CHINA,,,,CHINA,Tianjin- China,CHINA
20,G-BBY-0081,14.01.2019,43190,forty three thousand one hundred ninety,EURO,Tianjin Kaigui Machinery Co.LTD,Tianjin- China,BEYLERBEYI GENERAL TRADING LLC,Dubi-UAE, NINGBO ACCU ELECTRIC DEVICES INDUSTRY CO LTD,CHINA,,,,CHINA,Tianjin- China,CHINA
21,G-BBY-0051,08.01.2019,28000,twenty eight thousand,EURO,Tianjin Kaigui Machinery Co.LTD,Tianjin- China,BEYLERBEYI GENERAL TRADING LLC,Dubi-UAE,,, NOVATEK GENERAL TRADING LLC ,DUBAI- UAE,,,Tianjin- China,
22,G-BBY-0045,06.01.2019,36996,thirty six thousand nine hundred ninety six,EURO,Tianjin Kaigui Machinery Co.LTD,Tianjin- China,BEYLERBEYI GENERAL TRADING LLC,Dubi-UAE, PAREX WARENHANDELSGESELLSCHAFT MBH,AUSTRIA,,,,AUSTRIA,Tianjin- China,AUSTRIA
23,G-BBY-0021,21.01.2019,340710,three hundred forty thousand seven hundred ten,AED,Tianjin Kaigui Machinery Co.LTD,Tianjin- China,BEYLERBEYI GENERAL TRADING LLC,Dubi-UAE,,, PHOENIX TYRES TRADING F.Z.E  ,DUBAI- UAE,,,Tianjin- China,
24,G-BBY-0112,24.01.2019,2799,two thousand seven hundred ninety nine,EURO,Tianjin Kaigui Machinery Co.LTD,Tianjin- China,BEYLERBEYI GENERAL TRADING LLC,Dubi-UAE, SAURER TECHNOLOGIES GMBH & CO. KG  ,GERMANY,,,,GERMANY,Tianjin- China,GERMANY
25,G-BBY-0097,21.01.2019,34345,thirty four thousand three hundred forty five,EURO,Tianjin Kaigui Machinery Co.LTD,Tianjin- China,BEYLERBEYI GENERAL TRADING LLC,Dubi-UAE, SH CHEMICAL GROUP LIMITED,CHINA,,,,CHINA,Tianjin- China,CHINA
26,G-BBY-0029,05.01.2019,63860,sixty three thousand eight hundred sixty,EURO,Tianjin Kaigui Machinery Co.LTD,Tianjin- China,BEYLERBEYI GENERAL TRADING LLC,Dubi-UAE, SHENZHEN CHENSU INTERNATIONAL TRADE CO. LTD,CHINA,,,,CHINA,Tianjin- China,CHINA
27,G-BBY-0017,21.01.2019,375966,three hundred seventy five thousand nine hundred sixty six,AED,Tianjin Kaigui Machinery Co.LTD,Tianjin- China,BEYLERBEYI GENERAL TRADING LLC,Dubi-UAE,,, SYED NAEEM GENERAL TRADING CO LLC   ,DUBAI- UAE,,,Tianjin- China,
28,G-BBY-0018,21.01.2019,375966,three hundred seventy five thousand nine hundred sixty six,AED,Tianjin Kaigui Machinery Co.LTD,Tianjin- China,BEYLERBEYI GENERAL TRADING LLC,Dubi-UAE,,, SYED NAEEM GENERAL TRADING CO LLC   ,DUBAI- UAE,,,Tianjin- China,
29,G-BBY-0040,06.01.2019,51760,fifty one thousand seven hundred sixty,EURO,Tianjin Kaigui Machinery Co.LTD,Tianjin- China,BEYLERBEYI GENERAL TRADING LLC,Dubi-UAE, WEIHUI TRADING CO LIMITED  ,CHINA,,,,CHINA,Tianjin- China,CHINA
30,G-BBY-0123,26.01.2019,30000,thirty thousand,EURO,Tianjin Kaigui Machinery Co.LTD,Tianjin- China,BEYLERBEYI GENERAL TRADING LLC,Dubi-UAE, YILI (HONG KONG) TECHNOLOGY CORPORATION LTD,HONGKONG- CHINA,,,,HONGKONG- CHINA,Tianjin- China, CHINA
31,G-BBY-0093,21.01.2019,13112,thirteen thousand one hundred twelve,EURO,Tianjin Kaigui Machinery Co.LTD,Tianjin- China,BEYLERBEYI GENERAL TRADING LLC,Dubi-UAE,ABP ELECTRONICS LIMITED  ,CHINA,,,,CHINA,Tianjin- China,CHINA
32,G-BBY-0031,05.01.2019,60630,sixty thousand six hundred thirty,EURO,Tianjin Kaigui Machinery Co.LTD,Tianjin- China,BEYLERBEYI GENERAL TRADING LLC,Dubi-UAE,ADRIATICA SPA              ,ITALY,,,,ITALY,Tianjin- China,ITALY
33,G-BBY-0084,15.01.2019,13000,thirteen thousand,EURO,Tianjin Kaigui Machinery Co.LTD,Tianjin- China,BEYLERBEYI GENERAL TRADING LLC,Dubi-UAE,AHYAN JUTE MILLS LIMITED           ,BANGALADESH,,,,BANGALADESH,Tianjin- China,BANGALADESH
34,G-BBY-0096,21.01.2019,12019,twelve thousand nineteen,EURO,Tianjin Kaigui Machinery Co.LTD,Tianjin- China,BEYLERBEYI GENERAL TRADING LLC,Dubi-UAE,AISPEED INDUSTRY LIMITED ,CHINA,,,,CHINA,Tianjin- China,CHINA
35,G-BBY-0030,05.01.2019,29820,twenty nine thousand eight hundred twenty,EURO,Tianjin Kaigui Machinery Co.LTD,Tianjin- China,BEYLERBEYI GENERAL TRADING LLC,Dubi-UAE,AKIJ JUTE MILLS LTD,BANGALADESH,,,,BANGALADESH,Tianjin- China,BANGALADESH
36,G-BBY-0060,08.01.2019,37897,thirty seven thousand eight hundred ninety seven,EURO,Tianjin Kaigui Machinery Co.LTD,Tianjin- China,BEYLERBEYI GENERAL TRADING LLC,Dubi-UAE,ANOTEC GMBH,GERMANY,,,,GERMANY,Tianjin- China,GERMANY
37,G-BBY-0005,06.01.2019,1149512,one million one hundred forty nine thousand five hundred twelve,AED,Tianjin Kaigui Machinery Co.LTD,Tianjin- China,BEYLERBEYI GENERAL TRADING LLC,Dubi-UAE,ANVERALLY & SONS PVT LTD  ,SRILANKA,,,,SRILANKA,Tianjin- China,SRILANKA
38,G-BBY-0033,05.01.2019,95551,ninety five thousand five hundred fifty one,EURO,Tianjin Kaigui Machinery Co.LTD,Tianjin- China,BEYLERBEYI GENERAL TRADING LLC,Dubi-UAE,ARGOS IMPORT & EXPORT CO LTD   ,CHINA,,,,CHINA,Tianjin- China,CHINA
39,G-BBY-0034,05.01.2019,76440,seventy six thousand four hundred forty,EURO,Tianjin Kaigui Machinery Co.LTD,Tianjin- China,BEYLERBEYI GENERAL TRADING LLC,Dubi-UAE,ARGOS IMPORT & EXPORT CO LTD   ,CHINA,,,,CHINA,Tianjin- China,CHINA
40,G-BBY-0127,26.01.2019,28098,twenty eight thousand ninety eight,EURO,Tianjin Kaigui Machinery Co.LTD,Tianjin- China,BEYLERBEYI GENERAL TRADING LLC,Dubi-UAE,ARKO ENTERPRISE,MUMBAI- INDIA,,,,MUMBAI- INDIA,Tianjin- China, INDIA
41,G-BBY-0027,31.01.2019,474407,four hundred seventy four thousand four hundred seven,AED,Tianjin Kaigui Machinery Co.LTD,Tianjin- China,BEYLERBEYI GENERAL TRADING LLC,Dubi-UAE,,,ARMACO GENERAL TRADING LLC,DUBAI- UAE,,,Tianjin- China,
42,G-BBY-0066,12.01.2019,9250,nine thousand two hundred fifty,EURO,Tianjin Kaigui Machinery Co.LTD,Tianjin- China,BEYLERBEYI GENERAL TRADING LLC,Dubi-UAE,AVIN ELECTRONIC TECHNOLOGY CO.LTD ,HONGKONG- CHINA,,,,HONGKONG- CHINA,Tianjin- China, CHINA
43,G-BBY-0094,21.01.2019,72028,seventy two thousand twenty eight,EURO,Tianjin Kaigui Machinery Co.LTD,Tianjin- China,BEYLERBEYI GENERAL TRADING LLC,Dubi-UAE,BENTLEY INNOMED GMBH ,GERMANY,,,,GERMANY,Tianjin- China,GERMANY
44,G-BBY-0013,19.01.2019,1785241,one million seven hundred eighty five thousand two hundred forty one,AED,Tianjin Kaigui Machinery Co.LTD,Tianjin- China,BEYLERBEYI GENERAL TRADING LLC,Dubi-UAE,SHANGHAI SEVEN BENEVOLENCE INTERNATIONAL TRADE CO. LTD.,,BEYZADE GENERAL TRADING,Dubai- United Arab Emirates,2.6,,Tianjin- China,nan
45,G-BBY-0014,19.01.2019,1563018,one million five hundred sixty three thousand eighteen,AED,Tianjin Kaigui Machinery Co.LTD,Tianjin- China,BEYLERBEYI GENERAL TRADING LLC,Dubi-UAE,SHANGHAI SEVEN BENEVOLENCE INTERNATIONAL TRADE CO. LTD.,,BEYZADE GENERAL TRADING,Dubai- United Arab Emirates,2.6,,Tianjin- China,nan
46,G-BBY-0015,19.01.2019,1651741,one million six hundred fifty one thousand seven hundred forty one,AED,Tianjin Kaigui Machinery Co.LTD,Tianjin- China,BEYLERBEYI GENERAL TRADING LLC,Dubi-UAE,SHANGHAI SEVEN BENEVOLENCE INTERNATIONAL TRADE CO. LTD.,,BEYZADE GENERAL TRADING,Dubai- United Arab Emirates,2.6,,Tianjin- China,nan
47,G-BBY-0119,26.01.2019,27800,twenty seven thousand eight hundred,EURO,Tianjin Kaigui Machinery Co.LTD,Tianjin- China,BEYLERBEYI GENERAL TRADING LLC,Dubi-UAE,BIOCHEMICAL SYSTEMS INTERNATIONAL S.P.A,ITALY,,,,ITALY,Tianjin- China,ITALY
48,G-BBY-0142,09.01.2019,165972,one hundred sixty five thousand nine hundred seventy two,AED,Tianjin Kaigui Machinery Co.LTD,Tianjin- China,BEYLERBEYI GENERAL TRADING LLC,Dubi-UAE,CASH WITHDRAWAL                                   ,nan,,,,nan,Tianjin- China,nan
49,G-BBY-0109,24.01.2019,12411,twelve thousand four hundred eleven,EURO,Tianjin Kaigui Machinery Co.LTD,Tianjin- China,BEYLERBEYI GENERAL TRADING LLC,Dubi-UAE,CHEN WELL (HONG KONG) LIMITED   ,HONGKONG- CHINA,,,,HONGKONG- CHINA,Tianjin- China, CHINA
50,G-BBY-0041,06.01.2019,70000,seventy thousand,EURO,Tianjin Kaigui Machinery Co.LTD,Tianjin- China,BEYLERBEYI GENERAL TRADING LLC,Dubi-UAE,CHIANGRAI FROZEN FOODS CO.-LTD  ,THAILAND,,,,THAILAND,Tianjin- China,THAILAND
51,G-BBY-0049,07.01.2019,70000,seventy thousand,EURO,Tianjin Kaigui Machinery Co.LTD,Tianjin- China,BEYLERBEYI GENERAL TRADING LLC,Dubi-UAE,CHIANGRAI FROZEN FOODS CO.-LTD  ,THAILAND,,,,THAILAND,Tianjin- China,THAILAND
52,G-BBY-0050,07.01.2019,69488,sixty nine thousand four hundred eighty eight,EURO,Tianjin Kaigui Machinery Co.LTD,Tianjin- China,BEYLERBEYI GENERAL TRADING LLC,Dubi-UAE,CHIANGRAI FROZEN FOODS CO.-LTD  ,THAILAND,,,,THAILAND,Tianjin- China,THAILAND
53,G-BBY-0114,24.01.2019,11053,eleven thousand fifty three,EURO,Tianjin Kaigui Machinery Co.LTD,Tianjin- China,BEYLERBEYI GENERAL TRADING LLC,Dubi-UAE,CHINA AMAZONA MACHINERY CO.- LIMITED,CHINA,,,,CHINA,Tianjin- China,CHINA
54,G-BBY-0091,19.01.2019,223108,two hundred twenty three thousand one hundred eight,EURO,Tianjin Kaigui Machinery Co.LTD,Tianjin- China,BEYLERBEYI GENERAL TRADING LLC,Dubi-UAE,CHINA OCEAN SHIPPING AGENCY CO LTD,CHINA,,,,CHINA,Tianjin- China,CHINA
55,G-BBY-0107,24.01.2019,224350,two hundred twenty four thousand three hundred fifty,EURO,Tianjin Kaigui Machinery Co.LTD,Tianjin- China,BEYLERBEYI GENERAL TRADING LLC,Dubi-UAE,CHINA OCEAN SHIPPING AGENCY CO LTD,CHINA,,,,CHINA,Tianjin- China,CHINA
56,G-BBY-0047,06.01.2019,4573,four thousand five hundred seventy three,EURO,Tianjin Kaigui Machinery Co.LTD,Tianjin- China,BEYLERBEYI GENERAL TRADING LLC,Dubi-UAE,CNTIC TIANJIN IMPORT & EXPORT CO LTD,CHINA,,,,CHINA,Tianjin- China,CHINA
57,G-BBY-0113,24.01.2019,6963,six thousand nine hundred sixty three,EURO,Tianjin Kaigui Machinery Co.LTD,Tianjin- China,BEYLERBEYI GENERAL TRADING LLC,Dubi-UAE,CONTARINI LEOPOLDO SRL   ,ITALY,,,,ITALY,Tianjin- China,ITALY
58,G-BBY-0117,24.01.2019,22173,twenty two thousand one hundred seventy three,EURO,Tianjin Kaigui Machinery Co.LTD,Tianjin- China,BEYLERBEYI GENERAL TRADING LLC,Dubi-UAE,D.B INDUSTRIAL LTD   ,U S A,,,,U S A,Tianjin- China,U S A
59,G-BBY-0079,14.01.2019,40376,forty thousand three hundred seventy six,EURO,Tianjin Kaigui Machinery Co.LTD,Tianjin- China,BEYLERBEYI GENERAL TRADING LLC,Dubi-UAE,D.B INDUSTRIAL LTD           ,U S A,,,,U S A,Tianjin- China,U S A
60,G-BBY-0074,12.01.2019,39063,thirty nine thousand sixty three,EURO,Tianjin Kaigui Machinery Co.LTD,Tianjin- China,BEYLERBEYI GENERAL TRADING LLC,Dubi-UAE,DBI TRADING AND CONSULTING LIMITED   ,HONGKONG- CHINA,,,,HONGKONG- CHINA,Tianjin- China, CHINA
61,G-BBY-0110,24.01.2019,4144,four thousand one hundred forty four,EURO,Tianjin Kaigui Machinery Co.LTD,Tianjin- China,BEYLERBEYI GENERAL TRADING LLC,Dubi-UAE,DELTAMIX INTERNATIONAL TRADING ,CHINA,,,,CHINA,Tianjin- China,CHINA
62,G-BBY-0065,12.01.2019,7400,seven thousand four hundred,EURO,Tianjin Kaigui Machinery Co.LTD,Tianjin- China,BEYLERBEYI GENERAL TRADING LLC,Dubi-UAE,DESITIN ARZNEIMITTEL GMBH  ,GERMANY,,,,GERMANY,Tianjin- China,GERMANY
63,G-BBY-0057,08.01.2019,64440,sixty four thousand four hundred forty,EURO,Tianjin Kaigui Machinery Co.LTD,Tianjin- China,BEYLERBEYI GENERAL TRADING LLC,Dubi-UAE,DIHB DEUTSCH-INTERNATIONALE HANDELSBEZIEHUNGEN GMBH,GERMANY,,,,GERMANY,Tianjin- China,GERMANY
64,G-BBY-0071,12.01.2019,21487,twenty one thousand four hundred eighty seven,EURO,Tianjin Kaigui Machinery Co.LTD,Tianjin- China,BEYLERBEYI GENERAL TRADING LLC,Dubi-UAE,EUROPEAN MUD COMPANY AS,NORWAY,,,,NORWAY,Tianjin- China,NORWAY
65,G-BBY-0137,29.01.2019,200982,two hundred thousand nine hundred eighty two,EURO,Tianjin Kaigui Machinery Co.LTD,Tianjin- China,BEYLERBEYI GENERAL TRADING LLC,Dubi-UAE,EZM EDELSTAHLZIEHEREI MARK GMBH,GERMANY,,,,GERMANY,Tianjin- China,GERMANY
66,G-BBY-0089,19.01.2019,283798,two hundred eighty three thousand seven hundred ninety eight,EURO,Tianjin Kaigui Machinery Co.LTD,Tianjin- China,BEYLERBEYI GENERAL TRADING LLC,Dubi-UAE,FASSKA PAR S.A,BELGIUM,,,,BELGIUM,Tianjin- China,BELGIUM
67,G-BBY-0032,05.01.2019,14520,fourteen thousand five hundred twenty,EURO,Tianjin Kaigui Machinery Co.LTD,Tianjin- China,BEYLERBEYI GENERAL TRADING LLC,Dubi-UAE,FLUIDMASTER PREDELAVA PLASTIKE D.O.O.,SLOVENIA,,,,SLOVENIA,Tianjin- China,SLOVENIA
68,G-BBY-0019,21.01.2019,294895,two hundred ninety four thousand eight hundred ninety five,AED,Tianjin Kaigui Machinery Co.LTD,Tianjin- China,BEYLERBEYI GENERAL TRADING LLC,Dubi-UAE,,,GALAXY SUN TELECOM LLC    ,DUBAI- UAE,,,Tianjin- China,
69,G-BBY-0036,05.01.2019,115000,one hundred fifteen thousand,EURO,Tianjin Kaigui Machinery Co.LTD,Tianjin- China,BEYLERBEYI GENERAL TRADING LLC,Dubi-UAE,GIOELLI DI MENICHELLI FRANCO AND C SRL  ,ITALY,,,,ITALY,Tianjin- China,ITALY
70,G-BBY-0115,24.01.2019,8535,eight thousand five hundred thirty five,EURO,Tianjin Kaigui Machinery Co.LTD,Tianjin- China,BEYLERBEYI GENERAL TRADING LLC,Dubi-UAE,,,GULF LINE INTERNATIONAL TRADING COMPANY LLC,DUBAI- UAE,,,Tianjin- China,
71,G-BBY-0008,15.01.2019,136235,one hundred thirty six thousand two hundred thirty five,AED,Tianjin Kaigui Machinery Co.LTD,Tianjin- China,BEYLERBEYI GENERAL TRADING LLC,Dubi-UAE,,,HABIB MUHAMMAD SIDDIQUE FOOD AND BEVERAGE LLC,DUBAI- UAE,,,Tianjin- China,
72,G-BBY-0009,15.01.2019,280217,two hundred eighty thousand two hundred seventeen,AED,Tianjin Kaigui Machinery Co.LTD,Tianjin- China,BEYLERBEYI GENERAL TRADING LLC,Dubi-UAE,,,HABIB MUHAMMAD SIDDIQUE FOOD AND BEVERAGE LLC,DUBAI- UAE,,,Tianjin- China,
73,G-BBY-0124,26.01.2019,22689,twenty two thousand six hundred eighty nine,EURO,Tianjin Kaigui Machinery Co.LTD,Tianjin- China,BEYLERBEYI GENERAL TRADING LLC,Dubi-UAE,HK HUA CHENG ELECTRONICS CO.- LTD      ,CHINA,,,,CHINA,Tianjin- China,CHINA
74,G-BBY-0044,06.01.2019,5488,five thousand four hundred eighty eight,EURO,Tianjin Kaigui Machinery Co.LTD,Tianjin- China,BEYLERBEYI GENERAL TRADING LLC,Dubi-UAE,ITAL PHARCHEM S.R.L ,ITALY,,,,ITALY,Tianjin- China,ITALY
75,G-BBY-0121,26.01.2019,37226,thirty seven thousand two hundred twenty six,EURO,Tianjin Kaigui Machinery Co.LTD,Tianjin- China,BEYLERBEYI GENERAL TRADING LLC,Dubi-UAE,JOINT RESOURCES TECHNOLOGY DEVELOPMENT LTD,HONGKONG- CHINA,,,,HONGKONG- CHINA,Tianjin- China, CHINA
76,G-BBY-0095,21.01.2019,35303,thirty five thousand three hundred three,EURO,Tianjin Kaigui Machinery Co.LTD,Tianjin- China,BEYLERBEYI GENERAL TRADING LLC,Dubi-UAE,KAIDA HOLDING LIMITED,CHINA,,,,CHINA,Tianjin- China,CHINA
77,G-BBY-0020,21.01.2019,682287,six hundred eighty two thousand two hundred eighty seven,AED,Tianjin Kaigui Machinery Co.LTD,Tianjin- China,BEYLERBEYI GENERAL TRADING LLC,Dubi-UAE,,,KARJI GENERAL TRADING ESTABLISHMENT,DUBAI- UAE,,,Tianjin- China,
78,G-BBY-0037,06.01.2019,277500,two hundred seventy seven thousand five hundred,EURO,Tianjin Kaigui Machinery Co.LTD,Tianjin- China,BEYLERBEYI GENERAL TRADING LLC,Dubi-UAE,KLADEX LIMITED         ,UNITED KINGDOM,,,,UNITED KINGDOM,Tianjin- China,UNITED KINGDOM
79,G-BBY-0004,06.01.2019,1739653,one million seven hundred thirty nine thousand six hundred fifty three,AED,Tianjin Kaigui Machinery Co.LTD,Tianjin- China,BEYLERBEYI GENERAL TRADING LLC,Dubi-UAE,,,KMG ROBUST COMMODITY DMCC,DUBAI- UAE,,,Tianjin- China,
80,G-BBY-0088,19.01.2019,225456,two hundred twenty five thousand four hundred fifty six,EURO,Tianjin Kaigui Machinery Co.LTD,Tianjin- China,BEYLERBEYI GENERAL TRADING LLC,Dubi-UAE,LONG SHUN ENTERPRISE CO LIMITED,HONGKONG- CHINA,,,,HONGKONG- CHINA,Tianjin- China, CHINA
81,G-BBY-0092,20.01.2019,200124,two hundred thousand one hundred twenty four,EURO,Tianjin Kaigui Machinery Co.LTD,Tianjin- China,BEYLERBEYI GENERAL TRADING LLC,Dubi-UAE,LONG SHUN ENTERPRISE CO LIMITED,HONGKONG- CHINA,,,,HONGKONG- CHINA,Tianjin- China, CHINA
82,G-BBY-0102,21.01.2019,220460,two hundred twenty thousand four hundred sixty,EURO,Tianjin Kaigui Machinery Co.LTD,Tianjin- China,BEYLERBEYI GENERAL TRADING LLC,Dubi-UAE,LONG SHUN ENTERPRISE CO LIMITED,HONGKONG- CHINA,,,,HONGKONG- CHINA,Tianjin- China, CHINA
83,G-BBY-0104,23.01.2019,325444,three hundred twenty five thousand four hundred forty four,EURO,Tianjin Kaigui Machinery Co.LTD,Tianjin- China,BEYLERBEYI GENERAL TRADING LLC,Dubi-UAE,LONG SHUN ENTERPRISE CO LIMITED,HONGKONG- CHINA,,,,HONGKONG- CHINA,Tianjin- China, CHINA
84,G-BBY-0138,30.01.2019,250300,two hundred fifty thousand three hundred,EURO,Tianjin Kaigui Machinery Co.LTD,Tianjin- China,BEYLERBEYI GENERAL TRADING LLC,Dubi-UAE,LONG SHUN ENTERPRISE CO LIMITED,HONGKONG- CHINA,,,,HONGKONG- CHINA,Tianjin- China, CHINA
85,G-BBY-0139,30.01.2019,211125,two hundred eleven thousand one hundred twenty five,EURO,Tianjin Kaigui Machinery Co.LTD,Tianjin- China,BEYLERBEYI GENERAL TRADING LLC,Dubi-UAE,MATTEO INTERNATIONAL TRADE CO LTD,HONGKONG- CHINA,,,,HONGKONG- CHINA,Tianjin- China, CHINA
86,G-BBY-0022,21.01.2019,330428,three hundred thirty thousand four hundred twenty eight,AED,Tianjin Kaigui Machinery Co.LTD,Tianjin- China,BEYLERBEYI GENERAL TRADING LLC,Dubi-UAE,,,MEDIST FZE  ,DUBAI- UAE,,,Tianjin- China,
87,G-BBY-0136,29.01.2019,274321,two hundred seventy four thousand three hundred twenty one,EURO,Tianjin Kaigui Machinery Co.LTD,Tianjin- China,BEYLERBEYI GENERAL TRADING LLC,Dubi-UAE,MERIBEL TRADE CO LIMITED,HONGKONG- CHINA,,,,HONGKONG- CHINA,Tianjin- China, CHINA
88,G-BBY-0039,06.01.2019,37252,thirty seven thousand two hundred fifty two,EURO,Tianjin Kaigui Machinery Co.LTD,Tianjin- China,BEYLERBEYI GENERAL TRADING LLC,Dubi-UAE,MGK CHEM INDUSTRY COMPANY LIMITED,USA,,,,USA,Tianjin- China,USA
89,G-BBY-0069,12.01.2019,28667,twenty eight thousand six hundred sixty seven,EURO,Tianjin Kaigui Machinery Co.LTD,Tianjin- China,BEYLERBEYI GENERAL TRADING LLC,Dubi-UAE,MINDA KOTA SDN BHD  ,MALAYSIA,,,,MALAYSIA,Tianjin- China,MALAYSIA
90,G-BBY-0011,19.01.2019,247314,two hundred forty seven thousand three hundred fourteen,AED,Tianjin Kaigui Machinery Co.LTD,Tianjin- China,BEYLERBEYI GENERAL TRADING LLC,Dubi-UAE,,,MOHAMED RUYAN MEDICAL EQUIPMENT TRADING,DUBAI- UAE,,,Tianjin- China,
91,G-BBY-0085,15.01.2019,13000,thirteen thousand,EURO,Tianjin Kaigui Machinery Co.LTD,Tianjin- China,BEYLERBEYI GENERAL TRADING LLC,Dubi-UAE,NAHAR TRADING INTERNATIONAL,BANGALADESH,,,,BANGALADESH,Tianjin- China,BANGALADESH
92,G-BBY-0080,14.01.2019,63480,sixty three thousand four hundred eighty,EURO,Tianjin Kaigui Machinery Co.LTD,Tianjin- China,BEYLERBEYI GENERAL TRADING LLC,Dubi-UAE,NINGBO YOUNGOR INTERNATIONAL TRADE & TRANSPORTATION CO.- LTD.,CHINA,,,,CHINA,Tianjin- China,CHINA
93,G-BBY-0076,14.01.2019,347985,three hundred forty seven thousand nine hundred eighty five,EURO,Tianjin Kaigui Machinery Co.LTD,Tianjin- China,BEYLERBEYI GENERAL TRADING LLC,Dubi-UAE,PAS PRIMARY AUTOMOTIVE SUPPORT GMBH,GERMANY,,,,GERMANY,Tianjin- China,GERMANY
94,G-BBY-0087,19.01.2019,347985,three hundred forty seven thousand nine hundred eighty five,EURO,Tianjin Kaigui Machinery Co.LTD,Tianjin- China,BEYLERBEYI GENERAL TRADING LLC,Dubi-UAE,PAS PRIMARY AUTOMOTIVE SUPPORT GMBH,GERMANY,,,,GERMANY,Tianjin- China,GERMANY
95,G-BBY-0059,08.01.2019,63912,sixty three thousand nine hundred twelve,EURO,Tianjin Kaigui Machinery Co.LTD,Tianjin- China,BEYLERBEYI GENERAL TRADING LLC,Dubi-UAE,PEYER GRAPHIZ AG,SWITZERLAND,,,,SWITZERLAND,Tianjin- China,SWITZERLAND
96,G-BBY-0058,08.01.2019,41905,forty one thousand nine hundred five,EURO,Tianjin Kaigui Machinery Co.LTD,Tianjin- China,BEYLERBEYI GENERAL TRADING LLC,Dubi-UAE,PHOENIX HANDELS- UND DEVELOPMENT-GMBH,GERMANY,,,,GERMANY,Tianjin- China,GERMANY
97,G-BBY-0100,21.01.2019,12927,twelve thousand nine hundred twenty seven,EURO,Tianjin Kaigui Machinery Co.LTD,Tianjin- China,BEYLERBEYI GENERAL TRADING LLC,Dubi-UAE,PHOENIX RUBBER PRODUCT CO : LTD        ,THAILAND,,,,THAILAND,Tianjin- China,THAILAND
98,G-BBY-0063,10.01.2019,5000,five thousand,EURO,Tianjin Kaigui Machinery Co.LTD,Tianjin- China,BEYLERBEYI GENERAL TRADING LLC,Dubi-UAE,PIONIER BIOINSTRUMENTE GMBH    ,AUSTRIA,,,,AUSTRIA,Tianjin- China,AUSTRIA
99,G-BBY-0101,21.01.2019,162554,one hundred sixty two thousand five hundred fifty four,EURO,Tianjin Kaigui Machinery Co.LTD,Tianjin- China,BEYLERBEYI GENERAL TRADING LLC,Dubi-UAE,QINGDAO DOUBLESTAR TIRE INDUSTRIAL CO.-,CHINA,,,,CHINA,Tianjin- China,CHINA
100,G-BBY-0118,26.01.2019,39930,thirty nine thousand nine hundred thirty,EURO,Tianjin Kaigui Machinery Co.LTD,Tianjin- China,BEYLERBEYI GENERAL TRADING LLC,Dubi-UAE,RAXLAB E.K,GERMANY,,,,GERMANY,Tianjin- China,GERMANY
101,G-BBY-0061,10.01.2019,3132,three thousand one hundred thirty two,EURO,Tianjin Kaigui Machinery Co.LTD,Tianjin- China,BEYLERBEYI GENERAL TRADING LLC,Dubi-UAE,RKB EUROPE SA      ,SWITZERLAND,,,,SWITZERLAND,Tianjin- China,SWITZERLAND
102,G-BBY-0042,06.01.2019,95000,ninety five thousand,EURO,Tianjin Kaigui Machinery Co.LTD,Tianjin- China,BEYLERBEYI GENERAL TRADING LLC,Dubi-UAE,RMT VALVOMECCANICA SRL ,ITALY,,,,ITALY,Tianjin- China,ITALY
103,G-BBY-0099,21.01.2019,8949,eight thousand nine hundred forty nine,EURO,Tianjin Kaigui Machinery Co.LTD,Tianjin- China,BEYLERBEYI GENERAL TRADING LLC,Dubi-UAE,SHANGHAI INTCO IMPORT & EXPORT CO.- LTD,CHINA,,,,CHINA,Tianjin- China,CHINA
104,G-BBY-0028,05.01.2019,7568,seven thousand five hundred sixty eight,EURO,Tianjin Kaigui Machinery Co.LTD,Tianjin- China,BEYLERBEYI GENERAL TRADING LLC,Dubi-UAE,SHANGHAI ORTHO KING MEDICAL DEVICE CO. LTD,CHINA,,,,CHINA,Tianjin- China,CHINA
105,G-BBY-0122,26.01.2019,32414,thirty two thousand four hundred fourteen,EURO,Tianjin Kaigui Machinery Co.LTD,Tianjin- China,BEYLERBEYI GENERAL TRADING LLC,Dubi-UAE,SHENZHEN SUNSHINE OPTO - ELECTRONICS TECHNOLOGY LTD,CHINA,,,,CHINA,Tianjin- China,CHINA
106,G-BBY-0064,12.01.2019,375108,three hundred seventy five thousand one hundred eight,EURO,Tianjin Kaigui Machinery Co.LTD,Tianjin- China,BEYLERBEYI GENERAL TRADING LLC,Dubi-UAE,SIC INVENT AG   ,SWITZERLAND,,,,SWITZERLAND,Tianjin- China,SWITZERLAND
107,G-BBY-0077,14.01.2019,376403,three hundred seventy six thousand four hundred three,EURO,Tianjin Kaigui Machinery Co.LTD,Tianjin- China,BEYLERBEYI GENERAL TRADING LLC,Dubi-UAE,SIC INVENT AG   ,SWITZERLAND,,,,SWITZERLAND,Tianjin- China,SWITZERLAND
108,G-BBY-0006,06.01.2019,2694875,two million six hundred ninety four thousand eight hundred seventy five,AED,Tianjin Kaigui Machinery Co.LTD,Tianjin- China,BEYLERBEYI GENERAL TRADING LLC,Dubi-UAE,,,SIG COMBIBLOC OEBEIKAN FZCO,DUBAI- UAE,,,Tianjin- China,
109,G-BBY-0010,16.01.2019,2500000,two million five hundred thousand,AED,Tianjin Kaigui Machinery Co.LTD,Tianjin- China,BEYLERBEYI GENERAL TRADING LLC,Dubi-UAE,,,SILVER POOL GENERAL TRADING,DUBAI- UAE,,,Tianjin- China,
110,G-BBY-0098,21.01.2019,17173,seventeen thousand one hundred seventy three,EURO,Tianjin Kaigui Machinery Co.LTD,Tianjin- China,BEYLERBEYI GENERAL TRADING LLC,Dubi-UAE,SINOBRIGHT PHARMA CO.- LIMITED         ,CHINA,,,,CHINA,Tianjin- China,CHINA
111,G-BBY-0131,27.01.2019,63100,sixty three thousand one hundred,EURO,Tianjin Kaigui Machinery Co.LTD,Tianjin- China,BEYLERBEYI GENERAL TRADING LLC,Dubi-UAE,STORZ MEDICAL AG,SWITZERLAND,,,,SWITZERLAND,Tianjin- China,SWITZERLAND
112,G-BBY-0043,06.01.2019,121500,one hundred twenty one thousand five hundred,EURO,Tianjin Kaigui Machinery Co.LTD,Tianjin- China,BEYLERBEYI GENERAL TRADING LLC,Dubi-UAE,SUN SWEET CO.- LTD   ,THAILAND,,,,THAILAND,Tianjin- China,THAILAND
113,G-BBY-0012,19.01.2019,2543259,two million five hundred forty three thousand two hundred fifty nine,AED,Tianjin Kaigui Machinery Co.LTD,Tianjin- China,BEYLERBEYI GENERAL TRADING LLC,Dubi-UAE,,,SURAWUT THIANGLE TRADING LLC                      ,DUBAI- UAE,,,Tianjin- China,
114,G-BBY-0024,22.01.2019,1601706,one million six hundred one thousand seven hundred six,AED,Tianjin Kaigui Machinery Co.LTD,Tianjin- China,BEYLERBEYI GENERAL TRADING LLC,Dubi-UAE,,,SURAWUT THIANGLE TRADING LLC                      ,DUBAI- UAE,,,Tianjin- China,
115,G-BBY-0025,22.01.2019,1398294,one million three hundred ninety eight thousand two hundred ninety four,AED,Tianjin Kaigui Machinery Co.LTD,Tianjin- China,BEYLERBEYI GENERAL TRADING LLC,Dubi-UAE,,,SURAWUT THIANGLE TRADING LLC                      ,DUBAI- UAE,,,Tianjin- China,
116,G-BBY-0072,12.01.2019,34320,thirty four thousand three hundred twenty,EURO,Tianjin Kaigui Machinery Co.LTD,Tianjin- China,BEYLERBEYI GENERAL TRADING LLC,Dubi-UAE,TAECHIN SMET CORPORATION,KOREA,,,,KOREA,Tianjin- China,KOREA
117,G-BBY-0135,29.01.2019,50000,fifty thousand,EURO,Tianjin Kaigui Machinery Co.LTD,Tianjin- China,BEYLERBEYI GENERAL TRADING LLC,Dubi-UAE,TAIWAN BE CHARM TRADING CO LIMITED,HONGKONG- CHINA,,,,HONGKONG- CHINA,Tianjin- China, CHINA
118,G-BBY-0120,26.01.2019,30432,thirty thousand four hundred thirty two,EURO,Tianjin Kaigui Machinery Co.LTD,Tianjin- China,BEYLERBEYI GENERAL TRADING LLC,Dubi-UAE,TAIZHOU DARTS MACHINERY TRADE CO.- LTD,CHINA,,,,CHINA,Tianjin- China,CHINA
119,G-BBY-0023,21.01.2019,501284,five hundred one thousand two hundred eighty four,AED,Tianjin Kaigui Machinery Co.LTD,Tianjin- China,BEYLERBEYI GENERAL TRADING LLC,Dubi-UAE,,,TAJ AL MULOOK GENERAL TRADING LLC ,DUBAI- UAE,,,Tianjin- China,
120,G-BBY-0105,24.01.2019,225556,two hundred twenty five thousand five hundred fifty six,EURO,Tianjin Kaigui Machinery Co.LTD,Tianjin- China,BEYLERBEYI GENERAL TRADING LLC,Dubi-UAE,TCL HOME APPLIANCES (HEFEI) ,CHINA,,,,CHINA,Tianjin- China,CHINA
121,G-BBY-0106,24.01.2019,226653,two hundred twenty six thousand six hundred fifty three,EURO,Tianjin Kaigui Machinery Co.LTD,Tianjin- China,BEYLERBEYI GENERAL TRADING LLC,Dubi-UAE,TCL HOME APPLIANCES (HEFEI) ,CHINA,,,,CHINA,Tianjin- China,CHINA
122,G-BBY-0128,27.01.2019,247458,two hundred forty seven thousand four hundred fifty eight,EURO,Tianjin Kaigui Machinery Co.LTD,Tianjin- China,BEYLERBEYI GENERAL TRADING LLC,Dubi-UAE,TCL HOME APPLIANCES (HEFEI) ,CHINA,,,,CHINA,Tianjin- China,CHINA
123,G-BBY-0035,05.01.2019,73900,seventy three thousand nine hundred,EURO,Tianjin Kaigui Machinery Co.LTD,Tianjin- China,BEYLERBEYI GENERAL TRADING LLC,Dubi-UAE,TEXACHEM INTERNATIONAL SRL           ,ITALY,,,,ITALY,Tianjin- China,ITALY
124,G-BBY-0016,20.01.2019,700000,seven hundred thousand,AED,Tianjin Kaigui Machinery Co.LTD,Tianjin- China,BEYLERBEYI GENERAL TRADING LLC,Dubi-UAE,,,THE WATCH FZ LLC   ,DUBAI- UAE,,,Tianjin- China,
125,G-BBY-0067,12.01.2019,11850,eleven thousand eight hundred fifty,EURO,Tianjin Kaigui Machinery Co.LTD,Tianjin- China,BEYLERBEYI GENERAL TRADING LLC,Dubi-UAE,TIANJIN LZYUN ENVIRONMENTAL TECHNOLOGY ,CHINA,,,,CHINA,Tianjin- China,CHINA
126,G-BBY-0001,03.01.2019,1924745,one million nine hundred twenty four thousand seven hundred forty five,AED,Tianjin Kaigui Machinery Co.LTD,Tianjin- China,BEYLERBEYI GENERAL TRADING LLC,Dubi-UAE,,,TOP PACIFIC TRADING LLC ,DUBAI- UAE,,,Tianjin- China,
127,G-BBY-0002,03.01.2019,2075255,two million seventy five thousand two hundred fifty five,AED,Tianjin Kaigui Machinery Co.LTD,Tianjin- China,BEYLERBEYI GENERAL TRADING LLC,Dubi-UAE,,,TOP PACIFIC TRADING LLC ,DUBAI- UAE,,,Tianjin- China,
128,G-BBY-0003,05.01.2019,3000000,three million,AED,Tianjin Kaigui Machinery Co.LTD,Tianjin- China,BEYLERBEYI GENERAL TRADING LLC,Dubi-UAE,TRANSCOR B.V  ,NETHERLANDS,,,,NETHERLANDS,Tianjin- China,NETHERLANDS
129,G-BBY-0090,19.01.2019,170200,one hundred seventy thousand two hundred,EURO,Tianjin Kaigui Machinery Co.LTD,Tianjin- China,BEYLERBEYI GENERAL TRADING LLC,Dubi-UAE,TRENT DENT PRODUCTS LTD ,UNITED KINGDOM,,,,UNITED KINGDOM,Tianjin- China,UNITED KINGDOM
130,G-BBY-0026,22.01.2019,2245741,two million two hundred forty five thousand seven hundred forty one,AED,Tianjin Kaigui Machinery Co.LTD,Tianjin- China,BEYLERBEYI GENERAL TRADING LLC,Dubi-UAE,,,TURAN TRADING FZE                                 ,DUBAI- UAE,,,Tianjin- China,
131,G-BBY-0082,15.01.2019,11225,eleven thousand two hundred twenty five,EURO,Tianjin Kaigui Machinery Co.LTD,Tianjin- China,BEYLERBEYI GENERAL TRADING LLC,Dubi-UAE,UTIEN PACK CO LIMITED,CHINA,,,,CHINA,Tianjin- China,CHINA
132,G-BBY-0132,29.01.2019,212700,two hundred twelve thousand seven hundred,EURO,Tianjin Kaigui Machinery Co.LTD,Tianjin- China,BEYLERBEYI GENERAL TRADING LLC,Dubi-UAE,WELCRON KANGWON CO LTD  ,SOUTH KOREA,,,,SOUTH KOREA,Tianjin- China,SOUTH KOREA
133,G-BBY-0062,10.01.2019,30362,thirty thousand three hundred sixty two,EURO,Tianjin Kaigui Machinery Co.LTD,Tianjin- China,BEYLERBEYI GENERAL TRADING LLC,Dubi-UAE,WYLEGARNIA RYB DABIE,POLAND,,,,POLAND,Tianjin- China,POLAND
134,G-BBY-0125,26.01.2019,63566,sixty three thousand five hundred sixty six,EURO,Tianjin Kaigui Machinery Co.LTD,Tianjin- China,BEYLERBEYI GENERAL TRADING LLC,Dubi-UAE,YANGTIAN GENERAL TRADING CO LIMITED,HONGKONG- CHINA,,,,HONGKONG- CHINA,Tianjin- China, CHINA
135,G-BBY-0046,06.01.2019,59682,fifty nine thousand six hundred eighty two,EURO,Tianjin Kaigui Machinery Co.LTD,Tianjin- China,BEYLERBEYI GENERAL TRADING LLC,Dubi-UAE,ZHANGJIAGANG HUAMING MACHINERY CO LTD  ,CHINA,,,,CHINA,Tianjin- China,CHINA
136,G-BBY-0048,07.01.2019,59680,fifty nine thousand six hundred eighty,EURO,Tianjin Kaigui Machinery Co.LTD,Tianjin- China,BEYLERBEYI GENERAL TRADING LLC,Dubi-UAE,ZHANGJIAGANG HUAMING MACHINERY CO LTD  ,CHINA,,,,CHINA,Tianjin- China,CHINA
137,G-BBY-0052,08.01.2019,26082,twenty six thousand eighty two,EURO,Tianjin Kaigui Machinery Co.LTD,Tianjin- China,BEYLERBEYI GENERAL TRADING LLC,Dubi-UAE,ZHEJIANG THREE CHILDREN FOOD CO LTD,CHINA,,,,CHINA,Tianjin- China,CHINA
138,G-BBY-0078,14.01.2019,65205,sixty five thousand two hundred five,EURO,Tianjin Kaigui Machinery Co.LTD,Tianjin- China,BEYLERBEYI GENERAL TRADING LLC,Dubi-UAE,ZHEJIANG THREE CHILDREN FOOD CO LTD,CHINA,,,,CHINA,Tianjin- China,CHINA
139,G-BBY-0073,12.01.2019,30029,thirty thousand twenty nine,EURO,Tianjin Kaigui Machinery Co.LTD,Tianjin- China,BEYLERBEYI GENERAL TRADING LLC,Dubi-UAE,ZHONGSHAN YUANAN IMPORT AND EXPORT CO.-,CHINA,,,,CHINA,Tianjin- China,CHINA
