companies,country,cotype,origin,loading,discharge
"
MPT DEM?R ?EL?K K?MYA ?THALAT VE ?HRACAT SAN.T?C.LTD.?T?.","Istanbul, Turkey",HEAVY,Origin : Turkey,"Loading : Istanbul, Turkey","Discharge : Istanbul, Turkey"
(GIT) GLOBAL INFORMATION TECHNOLOGY CO. LTD.,"Seoul, South Korea",ELECTRONIC,Origin : South Korea,"Loading : Seoul, South Korea","Discharge : Seoul, South Korea"
AB CAPITAL FURNITURE DESIGNS INTL.,"Cebu City, Philippines",FURNITURE,Origin : Philippines,"Loading : Cebu City, Philippines","Discharge : Cebu City, Philippines"
ACC LIMITED,"Mumbai, India",BUILDING MATERIAL,Origin : India,"Loading : Mumbai, India","Discharge : Mumbai, India"
ACT SINO INTERNATIONAL LIMITED,"Hong Kong, China",CHEMICAL,Origin : China,"Loading : Hong Kong, China","Discharge : Hong Kong, China"
ADII SYNERGY SDN BHD,"Kuala Lumpur, Malaysia",APLLIANCE,Origin : Malaysia,"Loading : Kuala Lumpur, Malaysia","Discharge : Kuala Lumpur, Malaysia"
AEPODIA S.A.,"Louvain-La-Neuve, Belgium",MEDICAL,Origin : Belgium,"Loading : Louvain-La-Neuve, Belgium","Discharge : Louvain-La-Neuve, Belgium"
AERO VIM GMBH,"Nieder-Olm, Germany",SPARE PARTS,Origin : Germany,"Loading : Nieder-Olm, Germany","Discharge : Nieder-Olm, Germany"
AGULEJOS GIMENEZ,"Murcia, Spain",BUILDING MATERIAL,Origin : Spain,"Loading : Murcia, Spain","Discharge : Murcia, Spain"
AKIJ JUTE MILLS LTD.,"Dhaka, Bangladesh",ACCESSORIES,Origin : Bangladesh,"Loading : Dhaka, Bangladesh","Discharge : Dhaka, Bangladesh"
AL JABOR TRADING COMPANY,"Doha, Qatar",BUILDING MATERIAL,Origin : Qatar,"Loading : Doha, Qatar","Discharge : Doha, Qatar"
ALATAS GERMANY,"Bremen, Germany",SPARE PARTS,Origin : Germany,"Loading : Bremen, Germany","Discharge : Bremen, Germany"
ALISEIA S.R.L  ,"Milano, Italy",FOOD,Origin : Italy,"Loading : Milano, Italy","Discharge : Milano, Italy"
All Makes Co Omaha,"Nebraska, USA",FURNITURE,Origin : United States,"Loading : Nebraska, USA","Discharge : Nebraska, USA"
ALTEK D?K?M VE HADDE MAMULLER? SA,"Istanbul, Turkey",HEAVY,Origin : Turkey,"Loading : Istanbul, Turkey","Discharge : Istanbul, Turkey"
AMBUJA CEMENTS,"Mumbai, India",BUILDING MATERIAL,Origin : India,"Loading : Mumbai, India","Discharge : Mumbai, India"
"ANHUI ZHONGRONG ELECTRONICS CO., LTD","Anhui, China",ELECTRONIC,Origin : China,"Loading : Anhui, China","Discharge : Anhui, China"
AnHuiarts & Crafts imp.exp.Co.Ltd,"Anhui,China",ART,Origin : China,"Loading : Anhui,China","Discharge : Anhui,China"
ANJI GREAT FURNITURE CO LTD.,"Zhejiang, China",FURNITURE,Origin : China,"Loading : Zhejiang, China","Discharge : Zhejiang, China"
ANTERWELL TECHNOLOGY LTD.,"Shenzhen, China",ELECTRONIC,Origin : China,"Loading : Shenzhen, China","Discharge : Shenzhen, China"
AOKI CONSTRUCTION EQ LTD,"Habikino, Japan",HEAVY,Origin : Japan,"Loading : Habikino, Japan","Discharge : Habikino, Japan"
ARAYMOND FLUID CONNECTION,"Grenoble, France",AUTOMATIVE,Origin : France,"Loading : Grenoble, France","Discharge : Grenoble, France"
ARCA ETICHETTE SPA,"Marcallo, Italy",CHEMICAL,Origin : Italy,"Loading : Marcallo, Italy","Discharge : Marcallo, Italy"
ARCHITONIC,"Sacramento, United States",FURNITURE,Origin : United States,"Loading : Sacramento, United States","Discharge : Sacramento, United States"
ARDES    ,"Parre, Italy",SPARE PARTS,Origin : Italy,"Loading : Parre, Italy","Discharge : Parre, Italy"
ARISE INDIA LTD.,"Delhi, India",ELECTRONIC,Origin : India,"Loading : Delhi, India","Discharge : Delhi, India"
"ASA TRADING CO., LTD","Osaka,Japan",FOOD,Origin : Japan,"Loading : Osaka,Japan","Discharge : Osaka,Japan"
ASCA MARITIME FZE,"Nicosia, Cyprus",HEAVY,Origin : Cyprus,"Loading : Nicosia, Cyprus","Discharge : Nicosia, Cyprus"
ASHOK LEYLAND,"Chennai, India",HEAVY,Origin : India,"Loading : Chennai, India","Discharge : Chennai, India"
ASMARA FUTURE MEDICAL EQUIPMENT,"Copenhagen, Denmark",MEDICAL,Origin : Denmark,"Loading : Copenhagen, Denmark","Discharge : Copenhagen, Denmark"
ASOLO POLIMERI S.R.L.,"Via Del Lavoro, Italy",CHEMICAL,Origin : Italy,"Loading : Via Del Lavoro, Italy","Discharge : Via Del Lavoro, Italy"
ASSECO DATA SYSTEMS S.A.,"Rzesz?w, Poland",ELECTRONIC,Origin : Poland,"Loading : Rzesz?w, Poland","Discharge : Rzesz?w, Poland"
ATLAS MACHINES INDIA,"Mumbai, India",HEAVY,Origin : India,"Loading : Mumbai, India","Discharge : Mumbai, India"
AUTOMATION CO. UNITED,"Liverpool, United Kingdom",AUTOMATIVE,Origin : United Kingdom,"Loading : Liverpool, United Kingdom","Discharge : Liverpool, United Kingdom"
AUTOWARE  TECHNOLOGY LIMITED,"Hong Kong , China",ELECTRONIC,Origin : China,"Loading : Hong Kong , China","Discharge : Hong Kong , China"
AVATEC POWER PTE LTD,"Singapore, Singapore",ELECTRONIC,Origin : Singapore,"Loading : Singapore, Singapore","Discharge : Singapore, Singapore"
B+R Maschinenbau GmbH,"K?nigswinter, Germany",HEAVY,Origin : Germany,"Loading : K?nigswinter, Germany","Discharge : K?nigswinter, Germany"
BALKAN POLIMERS EOOD PROFORMA,"Sofia, Bulgaria",CHEMICAL,Origin : Bulgaria,"Loading : Sofia, Bulgaria","Discharge : Sofia, Bulgaria"
BALLI AHSAP URUNLERI BUILDING MALZ INS TAAH SAN AND TIC LTD,"Ankara, Turkey",BUILDING MATERIAL,Origin : Turkey,"Loading : Ankara, Turkey","Discharge : Ankara, Turkey"
"BAOLING (HK) INTERNATIONAL TRADE CO., LTD.","Hongkong, China",,Origin : China,"Loading : Hongkong, China","Discharge : Hongkong, China"
BBJ INDUSTRIAL CO LIMITED,"Shenzhen, China",PLASTIC,Origin : China,"Loading : Shenzhen, China","Discharge : Shenzhen, China"
Beijing OCEPO Construction Machinery Ltd.,"Beijing, China",HEAVY,Origin : China,"Loading : Beijing, China","Discharge : Beijing, China"
BENELUX OVERSEAS INC,"Posidonos, Greece",CHEMICAL,Origin : Greece,"Loading : Posidonos, Greece","Discharge : Posidonos, Greece"
BHAWAL STEEL & ENGINEERING COMPANY,"Mumbai, India",BUILDING MATERIAL,Origin : India,"Loading : Mumbai, India","Discharge : Mumbai, India"
BHDT GMBH,"Kapfenberg, Austria",SPARE,Origin : Austria,"Loading : Kapfenberg, Austria","Discharge : Kapfenberg, Austria"
BHT ELECTRIC CONTROL MECHANIC GMBH & COO,"Cologne, Germany",ELECTRONIC,Origin : Germany,"Loading : Cologne, Germany","Discharge : Cologne, Germany"
Bhushan Steel Limited,"New Delhi, India",HEAVY,Origin : India,"Loading : New Delhi, India","Discharge : New Delhi, India"
BIN QUI TRADING HONGKONG UNITED,"Hong Kong , China",HEAVY,Origin : China,"Loading : Hong Kong , China","Discharge : Hong Kong , China"
BINZHOU PSL PENCIL CO. LTD,"Binzhou, China",PAPER,Origin : China,"Loading : Binzhou, China","Discharge : Binzhou, China"
BIPINKUMAR ELECTRIC CORPORATION,"Mumbai, India",ELECTRONIC,Origin : India,"Loading : Mumbai, India","Discharge : Mumbai, India"
BISHNU-LAXMI CONCEM,"Kathmandu, Nepal",PLASTIC,Origin : India,"Loading : Kathmandu, Nepal","Discharge : Kathmandu, Nepal"
BM-EGYPT,"Cairo, Egypt",MEDICAL,Origin : Egypt,"Loading : Cairo, Egypt","Discharge : Cairo, Egypt"
BUZZI SPACE,"Aachen, Germany",FURNITURE,Origin : Germany,"Loading : Aachen, Germany","Discharge : Aachen, Germany"
CALLENS AFRICAN-WOODS,"Rekkem, Belgium",WOOD,Origin : Belgium,"Loading : Rekkem, Belgium","Discharge : Rekkem, Belgium"
CEMBRIT HOLDING,"Aalborg, Denmark",BUILDING MATERIAL,Origin : Denmark,"Loading : Aalborg, Denmark","Discharge : Aalborg, Denmark"
Chamber of Real Estate and Builders’ Associations (CREBA),"Quezon, Philippines",BUILDING MATERIAL,Origin : Philippines,"Loading : Quezon, Philippines","Discharge : Quezon, Philippines"
CHANG CHUN PLASTIC CO. LTD,"Taipei, Taiwan",* PLASTIC,Origin : Taiwan,"Loading : Taipei, Taiwan","Discharge : Taipei, Taiwan"
"Changzhou Medical Bioengineering Co., Ltd","Changzhou, China",MEDICAL,Origin : China,"Loading : Changzhou, China","Discharge : Changzhou, China"
"CHANGZHOU ZIYUAN SPORTS PRODUCT CORP., LTD","Changzhou, China",PLASTIC,Origin : China,"Loading : Changzhou, China","Discharge : Changzhou, China"
CHAUVIN ARNOUX MIDDLE EAST,"Paris, France",ELECTRONIC,Origin : France,"Loading : Paris, France","Discharge : Paris, France"
CHEMCHINA,"Beijing, China",CHEMICAL,Origin : China,"Loading : Beijing, China","Discharge : Beijing, China"
CHEMEM COMPANY,"Ohio, USA",CHEMICAL,Origin : United States,"Loading : Ohio, USA","Discharge : Ohio, USA"
CHEMIOLA KIMYA SAN.TIC.LTD.STI,"Bal?kesir, Turkey",CHEMICAL,Origin : Turkey,"Loading : Bal?kesir, Turkey","Discharge : Bal?kesir, Turkey"
CHEMSERVICE S.A.,"Worms, Germany",CHEMICAL,Origin : Germany,"Loading : Worms, Germany","Discharge : Worms, Germany"
CHEMSTAR GLOBAL,"Mumbai, India",CHEMICAL,Origin : India,"Loading : Mumbai, India","Discharge : Mumbai, India"
CHENGDE HONGYA ACTIVATED,"Hebei, China",CHEMICAL,Origin : China,"Loading : Hebei, China","Discharge : Hebei, China"
"Chengdu Jesconn Trade Co., Ltd","Chengdu, China",SPARE PARTS,Origin : China,"Loading : Chengdu, China","Discharge : Chengdu, China"
CHIANGZHOU WORLDTRADE CENTER REAL ESTATE CO. LTD.,"Jiangsu, China",BUILDING MATERIAL,Origin : China,"Loading : Jiangsu, China","Discharge : Jiangsu, China"
"China National Building Material Co., Ltd.","Beijing, China",BUILDING MATERIAL,Origin : China,"Loading : Beijing, China","Discharge : Beijing, China"
CHINA TIEJIAN,"Dongguan, China",,Origin : China,"Loading : Dongguan, China","Discharge : Dongguan, China"
CHINA VIOMED CO. LTD,"Yangzhou, China",MEDICAL,Origin : China,"Loading : Yangzhou, China","Discharge : Yangzhou, China"
CHUANZE INTERNATIONAL TRADE LIMITED,"Hong Kong , China",HEAVY,Origin : China,"Loading : Hong Kong , China","Discharge : Hong Kong , China"
CHUBU KOGYO CO LTD,"Nagoya, Japan",HEAVY,Origin : Japan,"Loading : Nagoya, Japan","Discharge : Nagoya, Japan"
CIGUENALES SANZ LLC,"Zaragoza, Spain",AUTO PARTS,Origin : Spain,"Loading : Zaragoza, Spain","Discharge : Zaragoza, Spain"
"Cixi CAZseal Packing & Gasket Co.,Ltd","Zhejiang,China",HEAVY,Origin : China,"Loading : Zhejiang,China","Discharge : Zhejiang,China"
COLIN INGREDIENTS,"Mittelhausen, France",* FOOD,Origin : Germany,"Loading : Mittelhausen, France","Discharge : Mittelhausen, France"
CONSTRUMAT,"Saulnot, France",BUILDING MATERIAL,Origin : France,"Loading : Saulnot, France","Discharge : Saulnot, France"
CONTINUUS PROPERZI SPA,"Lodi, Italy",HEAVY,Origin : Italy,"Loading : Lodi, Italy","Discharge : Lodi, Italy"
CORAL SHIPPING CORP.,"Alimos, Greece",HEAVY,Origin : Greece,"Loading : Alimos, Greece","Discharge : Alimos, Greece"
CORTECO ASIA COMPANY PTE LTD,"Singapore, Singapore",HEAVY,Origin : Singapore,"Loading : Singapore, Singapore","Discharge : Singapore, Singapore"
COSCO SHIPPING LINES KOREA CO LTD,"Seoul, South Korea",HEAVY,Origin : South Korea,"Loading : Seoul, South Korea","Discharge : Seoul, South Korea"
COSKUNUZER FURNITURE,"Bursa,Turkey",FURNITURE,Origin : Turkey,"Loading : Bursa,Turkey","Discharge : Bursa,Turkey"
CUSTOM HOUSE FINANCIAL UK LLC,"London, United Kingdom",,Origin : United Kingdom,"Loading : London, United Kingdom","Discharge : London, United Kingdom"
CV ARDHIANS FURNITURE,"Java, Indonesia",FURNITURE,Origin : Indonesia,"Loading : Java, Indonesia","Discharge : Java, Indonesia"
CV.AQUA FIRST BALI,"Bali, Indonesia",FOOD,Origin : Indonesia,"Loading : Bali, Indonesia","Discharge : Bali, Indonesia"
Dano Saglik Limited Sirketi Agst,"Istanbul, Turkey",MEDICAL,Origin : Turkey,"Loading : Istanbul, Turkey","Discharge : Istanbul, Turkey"
DELCORTE SAS,"Maubeuge, France",SPARE PARTS,Origin : France,"Loading : Maubeuge, France","Discharge : Maubeuge, France"
DELUX INTERNATIONAL CO. LTD,"Guangzhou, China",SPARE PARTS,Origin : China,"Loading : Guangzhou, China","Discharge : Guangzhou, China"
DENNON AUTO PARTS COMPANY   LIMITED,"Hong Kong , China",AUTO SPARE PARTS,Origin : China,"Loading : Hong Kong , China","Discharge : Hong Kong , China"
DESARROLLOS POLYTECHNOL S.L.,"Marbella, Spain",CHEMICAL,Origin : Spain,"Loading : Marbella, Spain","Discharge : Marbella, Spain"
Designed Design Associates,"Singapore, Singapore",FURNITURE,Origin : Singapore,"Loading : Singapore, Singapore","Discharge : Singapore, Singapore"
DEVYSER AB,"Stockholm, Sweden",MEDICAL,Origin : Sweden,"Loading : Stockholm, Sweden","Discharge : Stockholm, Sweden"
DEZHOU JINYUE IMPORT AND EXPORT CO LTD,"Hong Kong , China",HEAVY,Origin : China,"Loading : Hong Kong , China","Discharge : Hong Kong , China"
DHAVAL MITHESHBHAI SHAH,"Gujarat, India",BUILDING MATERIAL,Origin : India,"Loading : Gujarat, India","Discharge : Gujarat, India"
DIACH CHEMICALS PIGMENTS PRIVATE,"Howrah, India",CHEMICAL,Origin : India,"Loading : Howrah, India","Discharge : Howrah, India"
"DICKSON FURNITURE CO., LTD.","Hong Kong, China",FURNITURE,Origin : China,"Loading : Hong Kong, China","Discharge : Hong Kong, China"
DII INTERNATIONAL IMPEX GMBH,"Berlin, Germany",SPARE PARTS,Origin : Germany,"Loading : Berlin, Germany","Discharge : Berlin, Germany"
DILO Armaturen und Anlagen GmbH,"Babenhausen, Germany",SPARE PARTS,Origin : Germany,"Loading : Babenhausen, Germany","Discharge : Babenhausen, Germany"
DONGGUAN BRIGHT TEC ELECTRONICS CO LTD,"Dongguan, China",ELECTRONIC,Origin : China,"Loading : Dongguan, China","Discharge : Dongguan, China"
DONGGUAN YAONAN PLASTIC MACHINE CO. LTD,"Dongguan, China",PLASTIC,Origin : China,"Loading : Dongguan, China","Discharge : Dongguan, China"
DORENTRUP FEUERFESTPODUKTE GMBH,"Lemgoer Strasse, Germany",STEEL,Origin : Germany,"Loading : Lemgoer Strasse, Germany","Discharge : Lemgoer Strasse, Germany"
DUDAO INTERNATIONAL INCORPORATION LIMITED,"Guangdong, China",HEAVY,Origin : China,"Loading : Guangdong, China","Discharge : Guangdong, China"
DUFOURNIER S.A.S.,"Riom, France",SPARE PARTS,Origin : France,"Loading : Riom, France","Discharge : Riom, France"
DYNAMIC TEKNOLOJI SANAYI VE DIS TICARET LIMITED,"Istanbul, Turkey",ELECTRONIC,Origin : Turkey,"Loading : Istanbul, Turkey","Discharge : Istanbul, Turkey"
"EAGLE COMMODITY CO., LTD.","Zhejiang, China",CHEMICAL,Origin : China,"Loading : Zhejiang, China","Discharge : Zhejiang, China"
EAST PIONEER TECH GROUP HK LIMITED,"Hong Kong , China",ELECTRONIC,Origin : China,"Loading : Hong Kong , China","Discharge : Hong Kong , China"
EBCT GMBH,"Heidelberg, Germany",HEAVY,Origin : Germany,"Loading : Heidelberg, Germany","Discharge : Heidelberg, Germany"
ECOLEX SDN BHD,"Pulau Indah, Malaysia",BUILDING MATERIAL,Origin : Malaysia,"Loading : Pulau Indah, Malaysia","Discharge : Pulau Indah, Malaysia"
EET Water SRL,"Monza, Italy",HEAVY,Origin : Italy,"Loading : Monza, Italy","Discharge : Monza, Italy"
EKSA DIAGNOSTICS KFT,"Budapest, Hungary",CHEMICAL,Origin : Hungary,"Loading : Budapest, Hungary","Discharge : Budapest, Hungary"
"ELDIYAR INTERNATIONAL TRADE LTD., CO",Istanbul Turkey,HEAVY,Origin : Turkey,Loading : Istanbul Turkey,Discharge : Istanbul Turkey
ELECATIS TRADING AND ENGINEERING,"Hannover, Germany",ELECTRONIC,Origin : Germany,"Loading : Hannover, Germany","Discharge : Hannover, Germany"
"ELINO INTERNATIONAL CO., LTD","Shanghai, China",STEEL,Origin : China,"Loading : Shanghai, China","Discharge : Shanghai, China"
EMS CHEMIE AG,"Domat/Ems, Switzerland",CHEMICAL,Origin : Switzerland,"Loading : Domat/Ems, Switzerland","Discharge : Domat/Ems, Switzerland"
ENITECNI S.A.G.L,"Locarno, Switzerland",MEDICAL,Origin : Switzerland,"Loading : Locarno, Switzerland","Discharge : Locarno, Switzerland"
ENITENCNI SAGL,"Bern, Switzerland",STEEL,Origin : Switzerland,"Loading : Bern, Switzerland","Discharge : Bern, Switzerland"
ENVITEC WISMAR GMBH,"Wismar, Germany",MEDICAL,Origin : Germany,"Loading : Wismar, Germany","Discharge : Wismar, Germany"
EPAS INDUSTRIAL FURNITURE,Istanbul Turkey,FURNITURE,Origin : Turkey,Loading : Istanbul Turkey,Discharge : Istanbul Turkey
EPOKA GROUP A/S   ,"Svenstrup, Denmark",* ELECTRONIC,Origin : Denmark,"Loading : Svenstrup, Denmark","Discharge : Svenstrup, Denmark"
ESKA DIAGNOSTIC KFT,"Budapest, Hungary",MEDICAL,Origin : Hungary,"Loading : Budapest, Hungary","Discharge : Budapest, Hungary"
EVONIK RESOURCE EFFICIENCY,"Essen, Germany",CHEMICAL,Origin : Germany,"Loading : Essen, Germany","Discharge : Essen, Germany"
f & f industrial,"New York, USA",HEAVY,Origin : USA,"Loading : New York, USA","Discharge : New York, USA"
FAMUR S.A.,"Katowice, Poland",HEAVY,Origin : Poland,"Loading : Katowice, Poland","Discharge : Katowice, Poland"
FANTASTIC TECHNOLOGIES,"Shenzhen,China",ELECTRONIC,Origin : China,"Loading : Shenzhen,China","Discharge : Shenzhen,China"
FASHION INTERIORS MANUFACTURING INCORPORATED,"Pampangga, Philippines",FURNITURE,Origin : Philippines,"Loading : Pampangga, Philippines","Discharge : Pampangga, Philippines"
FAURECIA SIEGES D AUTOMOBILE SAS,"Nanterre, France",AUTOMATIVE,Origin : France,"Loading : Nanterre, France","Discharge : Nanterre, France"
FB LABORATORIES INC,"Hauppauge, United States",MEDICAL,Origin : United States,"Loading : Hauppauge, United States","Discharge : Hauppauge, United States"
"FERTINI, LDA","Porto, Portugal",FURNITURE,Origin : Portugal,"Loading : Porto, Portugal","Discharge : Porto, Portugal"
FIMAR SPA,"Villa Verucchio, Italy",APLLIANCE,Origin : Italy,"Loading : Villa Verucchio, Italy","Discharge : Villa Verucchio, Italy"
FIVE TECHNOLOGY CO. LTD,"Shanghai, China",ELECTRONIC,Origin : China,"Loading : Shanghai, China","Discharge : Shanghai, China"
FLSMIDTH GROUP,"Valby, Denmark",HEAVY,Origin : Denmark,"Loading : Valby, Denmark","Discharge : Valby, Denmark"
FLYWELL INTERNATIONAL CORP.,"Taipei, Taiwan",FURNITURE,Origin : Taiwan,"Loading : Taipei, Taiwan","Discharge : Taipei, Taiwan"
FOSHAN ZHENGSAU STAINLESS STEEL CO. LTD.,"Guangdong, China",STEEL,Origin : China,"Loading : Guangdong, China","Discharge : Guangdong, China"
FREY & LAU GMBH,"Henstedt-Ulzburg, Germany",CHEMICAL,Origin : Germany,"Loading : Henstedt-Ulzburg, Germany","Discharge : Henstedt-Ulzburg, Germany"
FRIGOMERC SA," Asuncion, Paraguay",FOOD,Origin : Paraguay,"Loading :  Asuncion, Paraguay","Discharge :  Asuncion, Paraguay"
FUJIAN SILVER ELEPHANT ELECTRICAL CO. LTD,"Fujian, China",ELECTRONIC,Origin : China,"Loading : Fujian, China","Discharge : Fujian, China"
FURNIPLAN POLAND,"Starogard Gda?ski, Poland",FURNITURE,Origin : Poland,"Loading : Starogard Gda?ski, Poland","Discharge : Starogard Gda?ski, Poland"
GE-DING INFORMATION INC.,"New Taipei City, Taiwan",ELECTRONIC,Origin : Taiwan,"Loading : New Taipei City, Taiwan","Discharge : New Taipei City, Taiwan"
GEHRING TECHNOLOGIES,"Otsfildern, Germany",ELECTRONIC,Origin : Germany,"Loading : Otsfildern, Germany","Discharge : Otsfildern, Germany"
GIANI'S EN VOGUE,"West Bengal, India",FURNITURE,Origin : India,"Loading : West Bengal, India","Discharge : West Bengal, India"
GLOBAL NUTRITION,"Fougères, France",CHEMICAL,Origin : France,"Loading : Fougères, France","Discharge : Fougères, France"
Global Tech & Trade Germany GT&TG e. K.,"Berlin, Germany",ELECTRONIC,Origin : Germany,"Loading : Berlin, Germany","Discharge : Berlin, Germany"
GMM SPA     (Gravellona Macchine Marmo),"Gravellona Toce, Italy",HEAVY,Origin : Italy,"Loading : Gravellona Toce, Italy","Discharge : Gravellona Toce, Italy"
GOLBID SDN. BHD,"Kuala Lumpur, Malaysia",HEAVY,Origin : Malaysia,"Loading : Kuala Lumpur, Malaysia","Discharge : Kuala Lumpur, Malaysia"
GOLD EAST PAPER,"Hong Kong , China",PAPER,Origin : China,"Loading : Hong Kong , China","Discharge : Hong Kong , China"
GOLD EAST TRADING HONGKONG CO. LTD,"Hong Kong , China",PAPER,Origin : China,"Loading : Hong Kong , China","Discharge : Hong Kong , China"
GOMIT INTERNATIONAL,"New Delhi, India",CHEMICAL,Origin : India,"Loading : New Delhi, India","Discharge : New Delhi, India"
GOODWILL INDUSTRIES INTERNATIONAL,"Sacramento, USA",BUILDING MATERIAL,Origin : USA,"Loading : Sacramento, USA","Discharge : Sacramento, USA"
GOPHER PRODUCTS COMPANY,"Hong Kong , China",PLASTIC,Origin : China,"Loading : Hong Kong , China","Discharge : Hong Kong , China"
GOTAJ CERAMIC SDN BHD,"Selangor, Malaysia",BUILDING MATERIAL,Origin : Malaysia,"Loading : Selangor, Malaysia","Discharge : Selangor, Malaysia"
GRAVINA TUFI,"Puglia, Italy",BUILDING MATERIAL,Origin : Italy,"Loading : Puglia, Italy","Discharge : Puglia, Italy"
GTEC AUTOMOBILE PTE LTD.,"Padova, Italy",AUTOMATIVE,Origin : Italy,"Loading : Padova, Italy","Discharge : Padova, Italy"
GUANDONG NEW ELECTRONICS,"Guangzhou, China",ELECTRONIC,Origin : China,"Loading : Guangzhou, China","Discharge : Guangzhou, China"
GUANGDONG ZHONGBAO KITCHENWARE CO. LTD,Guandong China,APPLIANCE,Origin : China,Loading : Guandong China,Discharge : Guandong China
"GUANGSHENG ELECTRONICS CO., LTD","Guangsheng, China",ELECTRONIC,Origin : China,"Loading : Guangsheng, China","Discharge : Guangsheng, China"
"GUANGZHOU CHEMEM CO., LTD","Guangzhou, China",CHEMICAL,Origin : China,"Loading : Guangzhou, China","Discharge : Guangzhou, China"
Guangzhou LianRou Machinery & Equipment Co. Ltd.,"Guangzhou, Guangdong, China",HEAVY,Origin : China,"Loading : Guangzhou, Guangdong, China","Discharge : Guangzhou, Guangdong, China"
Guangzhou Master Building Material Co. Ltd,"Guangzhou, China",BUILDING MATERIAL,Origin : China,"Loading : Guangzhou, China","Discharge : Guangzhou, China"
GUILIN ALPHA RUBBER  AND PLASTIC TECHNOLOGY,Guangxi China,ELECTRONIC,Origin : China,Loading : Guangxi China,Discharge : Guangxi China
HAINING RIXIN PROTECTIVE MATERIAL INDUSTRIAL CO. LTD.,Zheijiang China,BUILDING MATERIAL,Origin : China,Loading : Zheijiang China,Discharge : Zheijiang China
HAIYAN KAIPU ELECTRONIC TECH. CO LTD.,"Shanghai, China",ELECTRONIC,Origin : China,"Loading : Shanghai, China","Discharge : Shanghai, China"
HAKUTO CO. LTD,"Tokyo, Japan",ELECTRONIC,Origin : Japan,"Loading : Tokyo, Japan","Discharge : Tokyo, Japan"
HAMMELMANN GMBH,"Oelde, Germany",SPARE,Origin : Germany,"Loading : Oelde, Germany","Discharge : Oelde, Germany"
HANAFI KONSALTAN,"Bandar Seri Begawan, Brunei Darusalam",BUILDING MATERIAL,Origin : Brunei,"Loading : Bandar Seri Begawan, Brunei Darusalam","Discharge : Bandar Seri Begawan, Brunei Darusalam"
"Hangzhou Century Co., Ltd","Hangzhou, China",ELECTRONIC,Origin : China,"Loading : Hangzhou, China","Discharge : Hangzhou, China"
hangzhou donghua chain co,"Zhejiang Sheng, China",SPARE PARTS,Origin : China,"Loading : Zhejiang Sheng, China","Discharge : Zhejiang Sheng, China"
"Hangzhou Yinyan Silk Weaving Co., Ltd.","Hangzhou, China",TEXTILE,Origin : China,"Loading : Hangzhou, China","Discharge : Hangzhou, China"
HANSON LIMITED COMPANY,"London, United Kingdom",HEAVY,Origin : United Kingdom,"Loading : London, United Kingdom","Discharge : London, United Kingdom"
HANUMAN TRADING CORPORATION,"New Delhi, India",CHEMICAL,Origin : India,"Loading : New Delhi, India","Discharge : New Delhi, India"
"HAPPY SMILE TRADING CO., LTD","Guangzhou, China",FURNITURE,Origin : China,"Loading : Guangzhou, China","Discharge : Guangzhou, China"
HAVER & BOECKER OHG,"Oelde, Germany",HEAVY,Origin : Germany,"Loading : Oelde, Germany","Discharge : Oelde, Germany"
HELLFOSS PAPER AS,"Hokksund, Norway",PAPER,Origin : Norway,"Loading : Hokksund, Norway","Discharge : Hokksund, Norway"
HEMPEL A/S,"Kongens Lyngby, Denmark",CHEMICAL,Origin : Denmark,"Loading : Kongens Lyngby, Denmark","Discharge : Kongens Lyngby, Denmark"
"Henan Billions Chemicals Co.,Ltd.","Henan, China",CHEMICAL,Origin : China,"Loading : Henan, China","Discharge : Henan, China"
"HENAN DOWIN MACHINERY CO., LTD","Shanghai, China",HEAVY,Origin : China,"Loading : Shanghai, China","Discharge : Shanghai, China"
"Henan WanXun Industrial Co., Ltd","Henan, China",SPARE PARTS,Origin : China,"Loading : Henan, China","Discharge : Henan, China"
"Henan WinAll Traffic Facilities Co., Ltd.","Henan, China",SPARE,Origin : China,"Loading : Henan, China","Discharge : Henan, China"
HEVEA FURNITURE & INTERIORS PVT. LTD.,"Tamil Nadu, India",FURNITURE,Origin : India,"Loading : Tamil Nadu, India","Discharge : Tamil Nadu, India"
HIN LIM FURNITURE MANUFACTURER SDN BHD.,"Penang, Malaysia",FURNITURE,Origin : Malaysia,"Loading : Penang, Malaysia","Discharge : Penang, Malaysia"
HJ MAHADI BIN HJ MOHD TAHIR,"Bandar Seri Begawan, Brunei Darusalam",HEAVY,Origin : Brunei Darusalam,"Loading : Bandar Seri Begawan, Brunei Darusalam","Discharge : Bandar Seri Begawan, Brunei Darusalam"
HOLOGIC EUROPE NV,"Zaventem, Belgium",MEDICAL,Origin : Belgium,"Loading : Zaventem, Belgium","Discharge : Zaventem, Belgium"
HONG KONG GO RICH TRADING,"Hong Kong, China",ELECTRONIC,Origin : China,"Loading : Hong Kong, China","Discharge : Hong Kong, China"
HONGKONG AO ZHAN INDUSTRIAL CO. LTD.,"Shanghai, China",HEAVY,Origin : China,"Loading : Shanghai, China","Discharge : Shanghai, China"
HONGKONG HUIXING STEEL COMPANY LIMITED,"Hong Kong, China",STEEL,Origin : China,"Loading : Hong Kong, China","Discharge : Hong Kong, China"
HONGKONG WILL INTERNATIONAL INVESTMENT LIMITED,"Changchung, China",AUTOMATIVE,Origin : China,"Loading : Changchung, China","Discharge : Changchung, China"
HONGKONG XIEYUAN TECH CO. LTD.,"Hong Kong , China",ELECTRONIC,Origin : China,"Loading : Hong Kong , China","Discharge : Hong Kong , China"
HONGKONG YODA GROUP LIMITED,"Hong Kong , China",HEAVY,Origin : China,"Loading : Hong Kong , China","Discharge : Hong Kong , China"
HONGUN TECHNOLOGY CO. LTD.,"Shanghai, China",ELECTRONIC,Origin : China,"Loading : Shanghai, China","Discharge : Shanghai, China"
HOPERAY INTERNATIONAL CO, Hongkong China,,Origin : China,Loading :  Hongkong China,Discharge :  Hongkong China
HORNG CHICH CORPORATION,"Hongkong, China",,Origin : China,"Loading : Hongkong, China","Discharge : Hongkong, China"
HORNG CHIH CORPORATION,"Hong Kong , China",ELECTRONIC,Origin : China,"Loading : Hong Kong , China","Discharge : Hong Kong , China"
HOWELL CLEAN APPLIANCES (HK) LIMITED,"Hong Kong , China",APPLIANCE,Origin : China,"Loading : Hong Kong , China","Discharge : Hong Kong , China"
"HUANGSHAN WANNAN MACHINERY CO, LTD","Huangshan, China",,Origin : China,"Loading : Huangshan, China","Discharge : Huangshan, China"
HUBLOT S.A,"Nyon, Switzerland",COSMETIC- WATCH,Origin : Germany,"Loading : Nyon, Switzerland","Discharge : Nyon, Switzerland"
HUGO KERN UND LIEBERS GMBH & CO. KG,"Stuttgart, Germany",SPARE,Origin : Germany,"Loading : Stuttgart, Germany","Discharge : Stuttgart, Germany"
huhtamaki flexible packaging germany gmbh & co. kg,"Ronsberg, Germany",PLASTIC,Origin : Germany,"Loading : Ronsberg, Germany","Discharge : Ronsberg, Germany"
HUMANN & TACONET,"Le Havre, France",HEAVY,Origin : France,"Loading : Le Havre, France","Discharge : Le Havre, France"
HUSONG WOOD CO. LTD,"Shanghai, China",WOOD,Origin : China,"Loading : Shanghai, China","Discharge : Shanghai, China"
HUZUR PLAST?K K?MYEV? MAD. ?TH. ?HR.SAN. VE T?C. LTD.?T?.,"Istanbul, Turkey",PLASTIC,Origin : Turkey,"Loading : Istanbul, Turkey","Discharge : Istanbul, Turkey"
HYS INTERNATIONAL LIMITED,"Guangdong, China",,Origin : China,"Loading : Guangdong, China","Discharge : Guangdong, China"
IAM GMBH,"Kaarst, Germany",BUILDING MATERIAL,Origin : Germany,"Loading : Kaarst, Germany","Discharge : Kaarst, Germany"
IKA WERKE GMBH AND CO.,"Breisgau, Germany",ELECTRONIC,Origin : Germany,"Loading : Breisgau, Germany","Discharge : Breisgau, Germany"
IMAC ENGINEERING,"Ninove, Belgium",ELECTRONIC,Origin : Belgium,"Loading : Ninove, Belgium","Discharge : Ninove, Belgium"
INDIA CEMENT,"Tamil Nadu, India",BUILDING MATERIAL,Origin : India,"Loading : Tamil Nadu, India","Discharge : Tamil Nadu, India"
INDUSTRIAL TRADE WELL SDN BHD,"Kuala Lumpur, Malaysia",,Origin : Malaysia,"Loading : Kuala Lumpur, Malaysia","Discharge : Kuala Lumpur, Malaysia"
Ingenieurbüro Kr?mer,"Meinerzhagen, Germany",HEAVY,Origin : Germany,"Loading : Meinerzhagen, Germany","Discharge : Meinerzhagen, Germany"
Inspectorate Griffith India Pvt. Ltd,"Kolkata, India",BUILDING MATERIAL,Origin : India,"Loading : Kolkata, India","Discharge : Kolkata, India"
INTERLINE (B) SDN BHD,"Bandar Seri Begawan, Brunei",BUILDING MATERIAL,Origin : Brunei,"Loading : Bandar Seri Begawan, Brunei","Discharge : Bandar Seri Begawan, Brunei"
INTERNATIONAL TRADING MACHINERY,"Venice, Italy",HEAVY,Origin : Italy,"Loading : Venice, Italy","Discharge : Venice, Italy"
INTERNI MOBILI & DESIGN ,"Brianza, Italy",FURNITURE,Origin : Italy,"Loading : Brianza, Italy","Discharge : Brianza, Italy"
INTERSHIP EUROPE NV,"Antwerp, Belgium",,Origin : Belgium,"Loading : Antwerp, Belgium","Discharge : Antwerp, Belgium"
IPMUDA BERHAD,"Kuala Lumpur, Malaysia",BUILDING MATERIAL,Origin : Malaysia,"Loading : Kuala Lumpur, Malaysia","Discharge : Kuala Lumpur, Malaysia"
IPPOLITO & PISANI SPA,"Isola Del Liri, Italy",PAPER,Origin : Italy,"Loading : Isola Del Liri, Italy","Discharge : Isola Del Liri, Italy"
ITALIAN LIGHTS AND FURNITURE,"Pretoria, South Africa",FURNITURE,Origin : South Africa,"Loading : Pretoria, South Africa","Discharge : Pretoria, South Africa"
ITEMA SWITZERLAND LTD.,"Wollerau, Switzerland",MACHINARY,Origin : Germany,"Loading : Wollerau, Switzerland","Discharge : Wollerau, Switzerland"
IYS ELEKTRONIK MAKINA,"Istanbul, Turkey",ELECTRONIC,Origin : Turkey,"Loading : Istanbul, Turkey","Discharge : Istanbul, Turkey"
J-CEY TEA PVT.LTD,"Colombo, Sri Lanka",FOOD,Origin : Sri Lanka,"Loading : Colombo, Sri Lanka","Discharge : Colombo, Sri Lanka"
JET MAINTENANCE SOLUTIONS,"Vilnius, Lithuania",HEAVY,Origin : Lithuania,"Loading : Vilnius, Lithuania","Discharge : Vilnius, Lithuania"
JET SERVICE CORPORATE HAVACILIK A.?.,"Istanbul, Turkey",,Origin : Turkey,"Loading : Istanbul, Turkey","Discharge : Istanbul, Turkey"
"JIANGSU ANGKUA ENVIRONMENTAL TECHNICAL CO.,LTD","Rugao, China",ELECTRONIC,Origin : China,"Loading : Rugao, China","Discharge : Rugao, China"
"JIANGSU KELIDA DECORATION MATERIAL CO ., LTD","Jiangsu, China",BUILDING MATERIAL,Origin : China,"Loading : Jiangsu, China","Discharge : Jiangsu, China"
JIANGSU LANDISI WOOD CO,"Jiangsu, China",WOOD,Origin : China,"Loading : Jiangsu, China","Discharge : Jiangsu, China"
"JIANGYIN CHUANGXIN TYRE CO., LTD","Jiangyin, China",PLASTIC,Origin : China,"Loading : Jiangyin, China","Discharge : Jiangyin, China"
"Jiaozuo Ruifulai Reflective Material Co., Ltd.","Jiaozuo, China",SPARE,Origin : China,"Loading : Jiaozuo, China","Discharge : Jiaozuo, China"
JINDAL STEEL AND POWER LIMITED,"New Delhi, India",HEAVY,Origin : India,"Loading : New Delhi, India","Discharge : New Delhi, India"
"Jinhua Huacheng Medical Appliance Co.,Ltd","Zhejiang, China",MEDICAL,Origin : China,"Loading : Zhejiang, China","Discharge : Zhejiang, China"
Jinjiang Jiaxing Group Co. Ltd,"Fujian, China",ELECTRONIC,Origin : China,"Loading : Fujian, China","Discharge : Fujian, China"
JOHOR LAND BERHAD JALAN BUKIT MUTIARA,"Johor, Malaysia",,Origin : Malaysia,"Loading : Johor, Malaysia","Discharge : Johor, Malaysia"
JOIMAX GMBH,"Karlsruhe, Germany",MEDICAL,Origin : Germany,"Loading : Karlsruhe, Germany","Discharge : Karlsruhe, Germany"
JOY TOP INTERNATIONAL LIMITED,"Hong Kong, China",,Origin : China,"Loading : Hong Kong, China","Discharge : Hong Kong, China"
JSC UZMETCOMBINAT,"Tashkent, Uzbekistan",,Origin : Uzbekistan,"Loading : Tashkent, Uzbekistan","Discharge : Tashkent, Uzbekistan"
KAITO ENTERPRISES COMPANY LIMITED,"Hong Kong, China",APLLIANCE,Origin : China,"Loading : Hong Kong, China","Discharge : Hong Kong, China"
"KAITO (Suzhou) Construction Machinery CO.,LTD","Jiangsu, China",HEAVY,Origin : China,"Loading : Jiangsu, China","Discharge : Jiangsu, China"
KALAEI BUILDING SPA,"Auckland, New Zealand",BUILDING MATERIAL,Origin : New Zealand,"Loading : Auckland, New Zealand","Discharge : Auckland, New Zealand"
KAO CORPORATION,"Tokyo, Japan",CHEMICAL,Origin : Japan,"Loading : Tokyo, Japan","Discharge : Tokyo, Japan"
KARIM JUTE SPINNERS LTD.,"Dhaka, Bangladesh",HEAVY,Origin : Bangladesh,"Loading : Dhaka, Bangladesh","Discharge : Dhaka, Bangladesh"
KATHARI THALASSA SHIPPING COMPANY LTD,"Athalassa, Cyprus",,Origin : Cyprus,"Loading : Athalassa, Cyprus","Discharge : Athalassa, Cyprus"
KELEIMANG HK LIMITED,"Hong Kong, China",ELECTRONIC,Origin : China,"Loading : Hong Kong, China","Discharge : Hong Kong, China"
KERAMOULD S.R.L,"Castellarano, Italy",BUILDING MATERIAL,Origin : Italy,"Loading : Castellarano, Italy","Discharge : Castellarano, Italy"
KERNEL MEDICAL EQUIPMENT CO. LTD,"Jiangsu, China",MEDICAL,Origin : China,"Loading : Jiangsu, China","Discharge : Jiangsu, China"
KESHODWALA FOODS PROCESSOR & EXPORTER,"Gujarat, India",FOOD,Origin : India,"Loading : Gujarat, India","Discharge : Gujarat, India"
KINJO TRADING CO,"Okinawa, Japan",FOOD,Origin : Japan,"Loading : Okinawa, Japan","Discharge : Okinawa, Japan"
KINSAJASA SDN BHD,"Sarawak, Malaysia",,Origin : Malaysia,"Loading : Sarawak, Malaysia","Discharge : Sarawak, Malaysia"
KOKUYO INTERNATIONAL MALAYSIA,"Kuala Lumpur, Malaysia",FURNITURE,Origin : Malaysia,"Loading : Kuala Lumpur, Malaysia","Discharge : Kuala Lumpur, Malaysia"
KOLON GLOBAL CORPORATION,"Incheon, South Korea",BUILDING MATERIAL,Origin : South Korea,"Loading : Incheon, South Korea","Discharge : Incheon, South Korea"
KOSO INDIA PVT. LTD.,"Maharashtra, India",HEAVY,Origin : India,"Loading : Maharashtra, India","Discharge : Maharashtra, India"
Kranz-packungen Kuhrmeier GmbH,"Dannstadt-Schauernheim, Germany",SPARE,Origin : Germany,"Loading : Dannstadt-Schauernheim, Germany","Discharge : Dannstadt-Schauernheim, Germany"
KRAUSSMAFFEI TECHNOLOGIES GMBH,"Munich, Germany",ELECTRONIC,Origin : Germany,"Loading : Munich, Germany","Discharge : Munich, Germany"
KUIBURI FRUIT CANNING CO. LTD.,"Khiri Khan, Thailand",FOOD,Origin : Thailand,"Loading : Khiri Khan, Thailand","Discharge : Khiri Khan, Thailand"
"KUKA (HK) TRADE CO., LIMITED","Hong Kong, China",FURNITURE,Origin : China,"Loading : Hong Kong, China","Discharge : Hong Kong, China"
Kulthorn Kirby Public Company Limited,"Bangkok, Thailand",HEAVY,Origin : Thailand,"Loading : Bangkok, Thailand","Discharge : Bangkok, Thailand"
LAFARGE BRASIL SA,"Rio De Janeiro, Brazil",MATERIAL,Origin : Brazil,"Loading : Rio De Janeiro, Brazil","Discharge : Rio De Janeiro, Brazil"
Lagae Hout nv,"Kortrijk, Belgium",WOOD,Origin : Belgium,"Loading : Kortrijk, Belgium","Discharge : Kortrijk, Belgium"
LAKSHMI MACHINE WORKS,"Coimbatore, India",HEAVY,Origin : India,"Loading : Coimbatore, India","Discharge : Coimbatore, India"
LALJI HANDICRAFTS,"Jodhpur, India",FURNITURE,Origin : India,"Loading : Jodhpur, India","Discharge : Jodhpur, India"
LAMBRECHT HOUT,"Mortsel, Belgium",BUILDING MATERIAL,Origin : Belgium,"Loading : Mortsel, Belgium","Discharge : Mortsel, Belgium"
Lawbird Legal Services SL,"Madrid, Spain",,Origin : Spain,"Loading : Madrid, Spain","Discharge : Madrid, Spain"
LEONHARD LANG GMBH,"Innsbruck, Austria",ELECTRONIC,Origin : Italy,"Loading : Innsbruck, Austria","Discharge : Innsbruck, Austria"
LIAOCHENG AOTE WATER TREATMENT ADDITIVES CO. LTD.,"Shandong, China",CHEMICAL,Origin : China,"Loading : Shandong, China","Discharge : Shandong, China"
LINDE AG ENGINEERING DIVISION,"Pullach, Germany",CONSTRUCTION,Origin : Germany,"Loading : Pullach, Germany","Discharge : Pullach, Germany"
"LISUN ELECTRONICS (SHANGHAI) CO., LTD.","Shanghai, China",ELECTRONIC,Origin : China,"Loading : Shanghai, China","Discharge : Shanghai, China"
LLC BESHKUVI IMPORT EXPORT,"Tashkent, Uzbekistan",,Origin : Uzbekistan,"Loading : Tashkent, Uzbekistan","Discharge : Tashkent, Uzbekistan"
LLC MIRISHKOR EKSPORT IMPORT,"Kashkadarya, Uzbikistan",,Origin : Uzbikistan,"Loading : Kashkadarya, Uzbikistan","Discharge : Kashkadarya, Uzbikistan"
LOEWE TECHNOLOGIES GMBH,"Kronach, Germany",ELECTRONIC,Origin : Germany,"Loading : Kronach, Germany","Discharge : Kronach, Germany"
LOGISTIC CONSULTING & TECHNICAL EQUIPMENT GMBH,"Stuttgart , Germany",HEAVY,Origin : Germany,"Loading : Stuttgart , Germany","Discharge : Stuttgart , Germany"
MACHINE TOOLS INDIA LTD.,"New Delhi, India",HEAVY,Origin : India,"Loading : New Delhi, India","Discharge : New Delhi, India"
MAHAMAYA STEEL INDUSTRIES,"Chhattisgarh, India",STEEL,Origin : India,"Loading : Chhattisgarh, India","Discharge : Chhattisgarh, India"
"MAXTECH CO., LTD","Taipei City, Taiwan",ELECTRONIC,Origin : Taiwan,"Loading : Taipei City, Taiwan","Discharge : Taipei City, Taiwan"
MBTPE  FRANCE MACHINERY,"Sarcelles, France",HEAVY,Origin : France,"Loading : Sarcelles, France","Discharge : Sarcelles, France"
MCPP France SAS,"Tiffauges, France",PLASTIC,Origin : France,"Loading : Tiffauges, France","Discharge : Tiffauges, France"
MDFIELD MEAT INTERNATIONAL PTY LTD,"Warrnambool, Australia",FOOD,Origin : Australia,"Loading : Warrnambool, Australia","Discharge : Warrnambool, Australia"
MEDICAL EQUIPMENT SPECIALIST,"Florida, USA",MEDICAL,Origin : United States,"Loading : Florida, USA","Discharge : Florida, USA"
MEDISOFT SA - SORINNES BELGIUM,"Dinant, Belgium",MEDICAL,Origin : Belgium,"Loading : Dinant, Belgium","Discharge : Dinant, Belgium"
MEDMAR MARINE SERVICES LTD,"Nicosia, Cyprus",,Origin : Cyprus,"Loading : Nicosia, Cyprus","Discharge : Nicosia, Cyprus"
MEGATECH MFGMega Tech Mfg Germany GmbH,"Berlin, Germany",ELECTRONIC,Origin : Germany,"Loading : Berlin, Germany","Discharge : Berlin, Germany"
MENGYANG GROUP,"Jiangsu, China",AUTOMATIVE,Origin : China,"Loading : Jiangsu, China","Discharge : Jiangsu, China"
MESAN KABLO SAN.VE DIS TIC. LTD. STI.,"Istanbul, Turkey",,Origin : Turkey,"Loading : Istanbul, Turkey","Discharge : Istanbul, Turkey"
MESSE DUSSELDORF GMBH,"Düsseldorf, Germany",,Origin : Germany,"Loading : Düsseldorf, Germany","Discharge : Düsseldorf, Germany"
MESSE FRANKFURT,"Frankfurt, Germany",,Origin : Germany,"Loading : Frankfurt, Germany","Discharge : Frankfurt, Germany"
Middle East Conversion Industries LLC,"Liwa, Oman",,Origin : Oman,"Loading : Liwa, Oman","Discharge : Liwa, Oman"
Milacron India Pvt. Ltd.,"Gujarat, India",,Origin : India,"Loading : Gujarat, India","Discharge : Gujarat, India"
MINERVA S.A.,"S?o Paulo, Brazil",FOOD,Origin : Brazil,"Loading : S?o Paulo, Brazil","Discharge : S?o Paulo, Brazil"
"Miyazaki Machinery Systems Co., Ltd. -Japan","Osaka, Japan",HEAVY,Origin : Japan,"Loading : Osaka, Japan","Discharge : Osaka, Japan"
MULTITUBES BV,"Wormerveer, Netherlands",PLASTIC,Origin : Netherlands,"Loading : Wormerveer, Netherlands","Discharge : Wormerveer, Netherlands"
MUSCAT STEEL INDUSTRIES,"Muscat, Oman",STEEL,Origin : Oman,"Loading : Muscat, Oman","Discharge : Muscat, Oman"
NAB YAPI INSTAAH,"Istanbul, Turkey",,Origin : Turkey,"Loading : Istanbul, Turkey","Discharge : Istanbul, Turkey"
NANING CHEMICAL GROUP,"Guangxi, China",CHEMICAL,Origin : China,"Loading : Guangxi, China","Discharge : Guangxi, China"
"Nanjing Superfit I & E Co., Ltd.","Nanjing, China",,Origin : China,"Loading : Nanjing, China","Discharge : Nanjing, China"
NATIONAL BUILDING MATERIAL CO. LTD,"Beijing, China",,Origin : China,"Loading : Beijing, China","Discharge : Beijing, China"
NATURAL RUBBER THREAD CO. LTD.,"Bangkok, Thailand",RUBBER ,Origin : Thailand,"Loading : Bangkok, Thailand","Discharge : Bangkok, Thailand"
NATURAL TRADE LTD,"North Vancouver, Canada",WOOD,Origin : Canada,"Loading : North Vancouver, Canada","Discharge : North Vancouver, Canada"
NEW SITE INDUSTRIES INC COMPANY,"Taipei, Taiwan",PLASTIC,Origin : Taiwan,"Loading : Taipei, Taiwan","Discharge : Taipei, Taiwan"
NEWBRIGHT ASIA INTERNATIONAL LIMITED,"Hong Kong, China",,Origin : China,"Loading : Hong Kong, China","Discharge : Hong Kong, China"
NIKOL WEBER KG,"Selbitz, Germany",TEXTILE,Origin : Germany,"Loading : Selbitz, Germany","Discharge : Selbitz, Germany"
"NINGBO ESSENCE MACHINERY CO., LTD",Zhejiang China,,Origin : China,Loading : Zhejiang China,Discharge : Zhejiang China
NINGBO MIDEAY ELECTRICAL APPLIANCE CO LTD, Zhejiang China,,Origin : China,Loading :  Zhejiang China,Discharge :  Zhejiang China
"NINGBO ZHENHAI YOUNXIN MECHANICAL ELECTRONICS TEC CO., LTD.","Ningbo, China",ELECTRONIC,Origin : China,"Loading : Ningbo, China","Discharge : Ningbo, China"
NINGBO ZHONGHUAN STEEL BALL FACTORY,Zhejiang China,,Origin : China,Loading : Zhejiang China,Discharge : Zhejiang China
NINGHUA LIFENG CHEMICAL CO. LTD.,"Fujian, China",CHEMICAL,Origin : China,"Loading : Fujian, China","Discharge : Fujian, China"
NSCSicherheitstechnik,"Bielefeld, Germany",,Origin : Germany,"Loading : Bielefeld, Germany","Discharge : Bielefeld, Germany"
NUOBEI SHIPPING CO. LTD,"Shanghai, China",,Origin : China,"Loading : Shanghai, China","Discharge : Shanghai, China"
OGZ ELELTRONIK MEDIKAL GIDA DANISMANLIK,"Istanbul, Turkey",,Origin : Turkey,"Loading : Istanbul, Turkey","Discharge : Istanbul, Turkey"
Olam International,"Singapore, Singapore",FOOD,Origin : Singapore,"Loading : Singapore, Singapore","Discharge : Singapore, Singapore"
ONZMAN ENDUSTRIYAL KIMYASAL VE GIDA URUNLERI DIS TICARET LIMITED,"Izmir, Turkey",,Origin : Turkey,"Loading : Izmir, Turkey","Discharge : Izmir, Turkey"
Optima Industrial Supply Limited,Hongkong China,,Origin : China,Loading : Hongkong China,Discharge : Hongkong China
ORIENTAL PAPER HK. LTD,"Hangzhou, China",,Origin : China,"Loading : Hangzhou, China","Discharge : Hangzhou, China"
Orlux Import-Export GmbH,"Frankfurt, Germany",,Origin : Germany,"Loading : Frankfurt, Germany","Discharge : Frankfurt, Germany"
OSEF INDUSTRIAL CO. LTD,"Hong Kong , China",,Origin : China,"Loading : Hong Kong , China","Discharge : Hong Kong , China"
OYSTER SHIP MANAGEMENT,"Mumbai, India",,Origin : India,"Loading : Mumbai, India","Discharge : Mumbai, India"
OZMET METAL MAL IMAL SAN IC VE DIS LTD,Istanbul. Turkey,,Origin : Turkey,Loading : Istanbul. Turkey,Discharge : Istanbul. Turkey
PANPAC MEDICAL CORP.,"New Taipei City,Taiwan",*,Origin : Taiwan,"Loading : New Taipei City,Taiwan","Discharge : New Taipei City,Taiwan"
"PARMIS TRADING CO., LIMITED",Shanghai China,,Origin : China,Loading : Shanghai China,Discharge : Shanghai China
PBSERV LTD.,"Mosta, Malta",CHEMICAL,Origin : Malta,"Loading : Mosta, Malta","Discharge : Mosta, Malta"
PEG PEREGO SPA,"Arcore, Italy",,Origin : Italy,"Loading : Arcore, Italy","Discharge : Arcore, Italy"
PEKOS VALVES S.L.U.,"Barcelona, Spain",*,Origin : ,"Loading : Barcelona, Spain","Discharge : Barcelona, Spain"
PERKIS BAKIR ALASIMLARI SANAYI,"Istanbul, Turkey",,Origin : Turkey,"Loading : Istanbul, Turkey","Discharge : Istanbul, Turkey"
PETPLAS PLAST?K K?MYA SANAY? VE T?CARET ANON?M ??RKET?,Istanbul Turkey,,Origin : Turkey,Loading : Istanbul Turkey,Discharge : Istanbul Turkey
PETRO TECH  LTD.,"Holon, Israel",ELECTRONIC,Origin : Israel,"Loading : Holon, Israel","Discharge : Holon, Israel"
PETROCHEM GMBH,"Hamburg, Germany",CHEMICAL,Origin : Germany,"Loading : Hamburg, Germany","Discharge : Hamburg, Germany"
Physio-Control Italy Sales S.R.L.,"Milan, Italy",MEDICAL,Origin : Italy,"Loading : Milan, Italy","Discharge : Milan, Italy"
PIYUSH INTERNATIOAL,"Panipat, India",,Origin : India,"Loading : Panipat, India","Discharge : Panipat, India"
PRIME FORMULATIONS LIMITED,"Mumbai, India",CHEMICAL,Origin : India,"Loading : Mumbai, India","Discharge : Mumbai, India"
PRIME TRADING AND INDUSTRIAL SERVICES GMBH,"Hamburg, Germany",HEAVY,Origin : Germany,"Loading : Hamburg, Germany","Discharge : Hamburg, Germany"
PROQUIGA BIOTECH S.A.,"La Coru?a, Spain",HEAVY,Origin : Spain,"Loading : La Coru?a, Spain","Discharge : La Coru?a, Spain"
PROQUIMAC PFC S.A  ,"Barcelona, Spain",,Origin : Spain,"Loading : Barcelona, Spain","Discharge : Barcelona, Spain"
PROTEO INTERNATIONAL SRL,"Corso Ceva, Italy",FOOD,Origin : Italy,"Loading : Corso Ceva, Italy","Discharge : Corso Ceva, Italy"
Q AND Q HOLDING CO. LTD,"Bangkok,Thailand",PLASTIC,Origin : Thailand,"Loading : Bangkok,Thailand","Discharge : Bangkok,Thailand"
QINGDAO DONREX CO.LTD.,"Qingdao, China",HEAVY,Origin : China,"Loading : Qingdao, China","Discharge : Qingdao, China"
QINGDAO JIAHEXIN BUILDING,"Shandong, China",,Origin : China,"Loading : Shandong, China","Discharge : Shandong, China"
R.B.AUTOMAZIONE S.R.L.,"Genova, Italy",AUTOMATIVE,Origin : Italy,"Loading : Genova, Italy","Discharge : Genova, Italy"
RC WILLEY HOME FURNISHINGS,"Utah, USA",FURNITURE,Origin : USA,"Loading : Utah, USA","Discharge : Utah, USA"
Rechner und Peripherie Vertriebs GmbH,"R?dermark, Germany",ELECTRONIC,Origin : Germany,"Loading : R?dermark, Germany","Discharge : R?dermark, Germany"
Refarmed Chemicals Switzerland,"Lugano, Switzerland",* CHEMICAL,Origin : Switzerland,"Loading : Lugano, Switzerland","Discharge : Lugano, Switzerland"
RELIANCE WORLDWIDE LIMITED,"Hongkong, China",* HEAVY,Origin : China,"Loading : Hongkong, China","Discharge : Hongkong, China"
RESOURCE FURNITURE,"Cdmx, Mexico",FURNITURE,Origin : Mexico,"Loading : Cdmx, Mexico","Discharge : Cdmx, Mexico"
RESTAG SRL,"Battipaglia, Italy",ELECTRONIC,Origin : Italy,"Loading : Battipaglia, Italy","Discharge : Battipaglia, Italy"
RHEIN ENGINEERING METALL GMBH,"Düsseldorf, Germany",HEAVY,Origin : Germany,"Loading : Düsseldorf, Germany","Discharge : Düsseldorf, Germany"
RHI DINARIS GMBH,"Wiesbaden, Germany",BUILDING MATERIAL,Origin : Germany,"Loading : Wiesbaden, Germany","Discharge : Wiesbaden, Germany"
RHONDA'S FURNITURE & MATTRESS,"Dalton, United States",* FURNITURE,Origin : United States,"Loading : Dalton, United States","Discharge : Dalton, United States"
RISE DRAGON LIMITED,"Hongkong, China",,Origin : China,"Loading : Hongkong, China","Discharge : Hongkong, China"
r?chling engineering plastics se co kg troisdorf,"Troisdorf, Germany",PLASTIC,Origin : Germany,"Loading : Troisdorf, Germany","Discharge : Troisdorf, Germany"
RONAK ENGINEERING,"Gujarat, India",,Origin : India,"Loading : Gujarat, India","Discharge : Gujarat, India"
ROSY RING INVESTMENT LIMITED,"Denver, United States",APLLIANCE,Origin : United States,"Loading : Denver, United States","Discharge : Denver, United States"
ROYAL SPLENDID INTERNATIONAL LIMITED,"Hong Kong, China",PLASTIC,Origin : China,"Loading : Hong Kong, China","Discharge : Hong Kong, China"
ROYAL SRL,"Cerro Maggiore, Italy",,Origin : Italy,"Loading : Cerro Maggiore, Italy","Discharge : Cerro Maggiore, Italy"
SABEU GMBH AND CO KG,"Northeim, Germany",PLASTIC,Origin : Germany,"Loading : Northeim, Germany","Discharge : Northeim, Germany"
SAET S.P.A  ,"Selvazzano Dentro, Italy",ELECTRONIC,Origin : Italy,"Loading : Selvazzano Dentro, Italy","Discharge : Selvazzano Dentro, Italy"
SAETRA (PTY) LTD,"Centurion, South Africa",MEDICAL,Origin : South Africa,"Loading : Centurion, South Africa","Discharge : Centurion, South Africa"
SAMSUNG ELECTRONICS JAPAN CO. LTD,"Tokyo, Japan",* ELECTRONIC,Origin : ,"Loading : Tokyo, Japan","Discharge : Tokyo, Japan"
SAMSUNG ELECTRONICS OVERSEAS,"Amsterdam, Netherlands",,Origin : ,"Loading : Amsterdam, Netherlands","Discharge : Amsterdam, Netherlands"
SAMSUNG GROUP,"Seoul, South Korea",,Origin : ,"Loading : Seoul, South Korea","Discharge : Seoul, South Korea"
SANDBOX GENERAL TRADING LIMITED,"Hongkong, China",,Origin : China,"Loading : Hongkong, China","Discharge : Hongkong, China"
SANDEEP MAHLHOTRA,,,Origin : ,Loading : ,Discharge : 
"SANTRA ELEKTRONIK PARCALR VE DANISMANLIK SAN TIC LTD.,STI","Fatih, Istanbul, Turkey",,Origin : Turkey,"Loading : Fatih, Istanbul, Turkey","Discharge : Fatih, Istanbul, Turkey"
SARBAK METAL TICARETVE SANAYI,"Istanbul, Turkey",,Origin : Turkey,"Loading : Istanbul, Turkey","Discharge : Istanbul, Turkey"
SARBAK METAL TICARETVE SANAYI - TR,"Istanbul, Turkey",,Origin : Turkey,"Loading : Istanbul, Turkey","Discharge : Istanbul, Turkey"
SARL ELDJORF - ALGERIA,"Annaba,Algeria",* FURNITURE,Origin : ,"Loading : Annaba,Algeria","Discharge : Annaba,Algeria"
SCHMIDTH & CLEMENS GROUP,"Lindlar, Germany",* STEEL,Origin : Germany,"Loading : Lindlar, Germany","Discharge : Lindlar, Germany"
Secret Rise Electronic Tech Ltd.,"Hong Kong , China",* ELECTRONIC,Origin : China,"Loading : Hong Kong , China","Discharge : Hong Kong , China"
SEJIN CONSTRUCTION SDN BHD,"Bandar Seri Begawan, Brunei",*,Origin : ,"Loading : Bandar Seri Begawan, Brunei","Discharge : Bandar Seri Begawan, Brunei"
SENECA SRL,"Padua, Italy",* AUTOMATIVE,Origin : Italy,"Loading : Padua, Italy","Discharge : Padua, Italy"
"SENIOR IMPORT & EXPORT CO, LTD","Tokyo, Japan",* HEAVY,Origin : Japan,"Loading : Tokyo, Japan","Discharge : Tokyo, Japan"
"SHANDONG AOXINE FITNESS CO., LTD","Shandong, China",,Origin : China,"Loading : Shandong, China","Discharge : Shandong, China"
SHANDONG DABANG INTERNATIONAL TRADING CO LTD,"Shandong, China",,Origin : China,"Loading : Shandong, China","Discharge : Shandong, China"
SHANDONG FUPPON AGRICULTURE MACHINERY EQUIPMENT CO. LTD,"Liaocheng, China",*,Origin : China,"Loading : Liaocheng, China","Discharge : Liaocheng, China"
"SHANDONG LUKANG PHARMACEUTICAL CO., LTD","Shanghai, China",,Origin : China,"Loading : Shanghai, China","Discharge : Shanghai, China"
"SHANDONG SHENGHE PLASTIC DEVELOPMENT CO., LTD.","Shandong, China",*,Origin : China,"Loading : Shandong, China","Discharge : Shandong, China"
SHANDONG SHUANGWANG ALUMINUM INDUSTRY CO. LTD,Dongying Shandong China,,Origin : China,Loading : Dongying Shandong China,Discharge : Dongying Shandong China
"SHANDONG TIANHAI INDUSTRY CO., LTD","Shandong, China",,Origin : China,"Loading : Shandong, China","Discharge : Shandong, China"
Shandong Weichai Import & Export Corporation,,,Origin : ,Loading : ,Discharge : 
"Shanghai  CEDL (IM/EX) Co., Ltd.","Shanghai, China",,Origin : China,"Loading : Shanghai, China","Discharge : Shanghai, China"
SHANGHAI BAIYUDA INDUSTRY  CO. LTD,"Shanghai, China",,Origin : China,"Loading : Shanghai, China","Discharge : Shanghai, China"
SHANGHAI CANMAX ELECTRONICS & MECHANICAL EQUIPMENT CO. LTD,"Shanghai, China",,Origin : China,"Loading : Shanghai, China","Discharge : Shanghai, China"
"SHANGHAI CEDL (IM/EX) CO., LTD",Shanghai China,,Origin : China,Loading : Shanghai China,Discharge : Shanghai China
SHANGHAI DELTA INTERNATIONAL TRADING CO.LTD,"Shanghai, China",,Origin : China,"Loading : Shanghai, China","Discharge : Shanghai, China"
SHANGHAI EAO INTERNATIONAL TRADE CO.LTD,"Dongxin Rd Sha, China",,Origin : China,"Loading : Dongxin Rd Sha, China","Discharge : Dongxin Rd Sha, China"
SHANGHAI FAVORS IMPORT & EXPORT CO. LTD,"Shanghai, China",,Origin : China,"Loading : Shanghai, China","Discharge : Shanghai, China"
SHANGHAI FEI HUA INDUSTRIAL CO. LTD,"Shanghai, China",,Origin : China,"Loading : Shanghai, China","Discharge : Shanghai, China"
"SHANGHAI GENIE INDUSTRY CO.,LTD","Shanghai, China",,Origin : China,"Loading : Shanghai, China","Discharge : Shanghai, China"
SHANGHAI GO-ON COMMERCIAL & TRADING CO. LTD,"Shanghai, China",,Origin : China,"Loading : Shanghai, China","Discharge : Shanghai, China"
SHANGHAI HONGUM TECHNOLOGY CO. LTD,"Shanghai, China",*,Origin : China,"Loading : Shanghai, China","Discharge : Shanghai, China"
"SHANGHAI HONSUN INTERNATIONAL TRADE CO., LTD","Shanghai, China",,Origin : China,"Loading : Shanghai, China","Discharge : Shanghai, China"
"SHANGHAI HUALONG MINERAL PRODUCTS CO., LTD",Shanghai China,,Origin : China,Loading : Shanghai China,Discharge : Shanghai China
"Shanghai Innojade International Trade Co., Ltd.","Shanghai, China",,Origin : China,"Loading : Shanghai, China","Discharge : Shanghai, China"
"Shanghai Jianyuan Chemical Co., ltd.        ","Shanghai, China",*,Origin : China,"Loading : Shanghai, China","Discharge : Shanghai, China"
SHANGHAI JIHAO INTERNATIONAL ENTERPRISE CO. LTD,"Shanghai, China",,Origin : China,"Loading : Shanghai, China","Discharge : Shanghai, China"
"SHANGHAI JOYGOAL FOOD MACHINERY CO., LTD",Shanghai China,*,Origin : China,Loading : Shanghai China,Discharge : Shanghai China
SHANGHAI MALMAM INTERNATIONAL TRADING CO.LTD,"Shanghai, China",,Origin : China,"Loading : Shanghai, China","Discharge : Shanghai, China"
"SHANGHAI MEILAN  APPAREL TECHNOLOGY CO., LTD",Shanghai China,,Origin : China,Loading : Shanghai China,Discharge : Shanghai China
SHANGHAI MEKEN TESTING INSTRUMENTS CO.LTD,"Shanghai, China",,Origin : China,"Loading : Shanghai, China","Discharge : Shanghai, China"
SHANGHAI MEKON MEDICAL DEVICE CO. LTD.,Shanghai China,,Origin : China,Loading : Shanghai China,Discharge : Shanghai China
SHANGHAI MINMETALS DEVELOPMENT LTD.,"Shanghai, China",,Origin : China,"Loading : Shanghai, China","Discharge : Shanghai, China"
SHANGHAI PREMIER  IMPORT AND EXPORT CO. LTD CHINA,"Shanghai, China",,Origin : China,"Loading : Shanghai, China","Discharge : Shanghai, China"
SHANGHAI SA GA INTERNATIONAL TRADING CO. LTD.,"Shanghai, China",,Origin : China,"Loading : Shanghai, China","Discharge : Shanghai, China"
SHANGHAI SAIYI INTERNATIONAL TRADING CO. LTD,"Shanghai, China",,Origin : China,"Loading : Shanghai, China","Discharge : Shanghai, China"
SHANGHAI SEVEN BENEVOLENCE INTERNATIONAL TRADE CO. LTD.,"Shanghai, China",,Origin : China,"Loading : Shanghai, China","Discharge : Shanghai, China"
SHANGHAI SOOCHEN TECHNOLOGY CO. LTD,"Shanghai, China",,Origin : China,"Loading : Shanghai, China","Discharge : Shanghai, China"
SHANGHAI SUNRISE SIMCON LIMITED,"Shanghai, China",,Origin : China,"Loading : Shanghai, China","Discharge : Shanghai, China"
SHANGHAI VG MEDICAL EQUIPMENT CO. LTD,"Shanghai, China",,Origin : China,"Loading : Shanghai, China","Discharge : Shanghai, China"
SHANGHAI VOSTOSUN INDUSTRIAL CO. LTD.,"Shanghai, China",,Origin : China,"Loading : Shanghai, China","Discharge : Shanghai, China"
SHANGHAI XIAZHOU INDUSTRY MACHINERY CO. LTD.,"Shanghai, China",,Origin : China,"Loading : Shanghai, China","Discharge : Shanghai, China"
SHANGHAI XINLANG INT TRADING co. ltd.,"Shanghai, China",,Origin : China,"Loading : Shanghai, China","Discharge : Shanghai, China"
SHANGHAI XINXURIN INDUSTRIAL CO. LTD,"Shanghai, China",*,Origin : China,"Loading : Shanghai, China","Discharge : Shanghai, China"
"Shanghai Yingxi Trading Co., Ltd.","Shanghai, China",,Origin : China,"Loading : Shanghai, China","Discharge : Shanghai, China"
SHANGHAI ZHANYUN M&T CO. LTD,"Shanghai, China",,Origin : China,"Loading : Shanghai, China","Discharge : Shanghai, China"
"SHANGHAI ZHONGXI KITCHENWARE CO., LTD",Shanghai China,,Origin : China,Loading : Shanghai China,Discharge : Shanghai China
"Shantou Institute of Ultrasonic Instruments Co., Ltd.","Shantou, China",,Origin : China,"Loading : Shantou, China","Discharge : Shantou, China"
"SHANXI CARBON INDUSTRY CO., LTD","Shanxi, China",,Origin : China,"Loading : Shanxi, China","Discharge : Shanxi, China"
"SHAOXING KEQIAO PENGYAO TRADE CO.,LTD",,,Origin : ,Loading : ,Discharge : 
"Shaoxing Wijia Decoration Co., Ltd",,,Origin : ,Loading : ,Discharge : 
SHELTER SOLUTIONS LIMITED,,,Origin : ,Loading : ,Discharge : 
SHENZHEN CASPRO TECHNOLOGY LTD,"Guangdong, China",,Origin : China,"Loading : Guangdong, China","Discharge : Guangdong, China"
SHENZHEN EMPEROR ELECTRONIC TECHNOLOGY CO.LTD,"Shenzhen, China",*,Origin : China,"Loading : Shenzhen, China","Discharge : Shenzhen, China"
"Shenzhen Emperor Technology Co., Ltd",,,Origin : ,Loading : ,Discharge : 
SHENZHEN HUAYILONG ELECTRIC CO. LTD,"Shenzhen, China",,Origin : China,"Loading : Shenzhen, China","Discharge : Shenzhen, China"
"SHENZHEN KJNMOLD CO., LIMITED","Shenzhen,China",,Origin : China,"Loading : Shenzhen,China","Discharge : Shenzhen,China"
"Shenzhen KOC Communication Co., Ltd",,,Origin : ,Loading : ,Discharge : 
SHENZHEN NEW ORIGIN SPECIAL STEEL CO. LTD,"Shenzhen, China",,Origin : China,"Loading : Shenzhen, China","Discharge : Shenzhen, China"
Shenzhen Spovan Technology Co. Ltd,"Shenzhen, Guangdong, China  ",,Origin : China,"Loading : Shenzhen, Guangdong, China  ","Discharge : Shenzhen, Guangdong, China  "
SHENZHEN SUNELL TECHNOLOGY CORPORATION,"Shenzhen,China",,Origin : China,"Loading : Shenzhen,China","Discharge : Shenzhen,China"
SHENZHEN YIHENG  TECH. CO LTD.,"Shenzhen, China",,Origin : China,"Loading : Shenzhen, China","Discharge : Shenzhen, China"
"SHIJIANZHUANG TONHE ELECTRONICS TECHNOLOGIES CO., LTD","Shijiazhuang, China",,Origin : China,"Loading : Shijiazhuang, China","Discharge : Shijiazhuang, China"
Shin Puu Technology Co Ltd     ,"Taoyuan City, Taiwan",* ELECTRONIC,Origin : ,"Loading : Taoyuan City, Taiwan","Discharge : Taoyuan City, Taiwan"
SHINING HOUSEWARES CO LTD,"Shenzhen, China",,Origin : China,"Loading : Shenzhen, China","Discharge : Shenzhen, China"
"SHINN RUNG CO., LTD","Tainan City, Taiwan",,Origin : ,"Loading : Tainan City, Taiwan","Discharge : Tainan City, Taiwan"
SHINTEC GROUP CORPORATION,"Zhejiang, China",* HEAVY,Origin : China,"Loading : Zhejiang, China","Discharge : Zhejiang, China"
"SICHUAN BLUE SWORD CHEMICAL(GROUP) CO., LTD.","Chengdu, China",*,Origin : China,"Loading : Chengdu, China","Discharge : Chengdu, China"
SIENAUTICA SHIPPING LTD.,"Nicosia, Cyprus",,Origin : ,"Loading : Nicosia, Cyprus","Discharge : Nicosia, Cyprus"
SIGMA UNIQUE GENERAL TRADING LLC,,,Origin : ,Loading : ,Discharge : 
SINO ASIAN TRADING INTERNATIONAL,Sri Lanka,,Origin : ,Loading : Sri Lanka,Discharge : Sri Lanka
"SIP CO., LTD.","Niigata, Japan",* ELECTRONIC,Origin : Japan,"Loading : Niigata, Japan","Discharge : Niigata, Japan"
SIENAUTICA SHIPPING LTD.,"Nairobi, Kenya",,Origin : ,"Loading : Nairobi, Kenya","Discharge : Nairobi, Kenya"
Sky Plastic Group AG,"Haimburg, Austria",*,Origin : ,"Loading : Haimburg, Austria","Discharge : Haimburg, Austria"
SOCIETE COMMERCIALE EURO,"Taipei, Taiwan",* SPARE,Origin : Taiwan,"Loading : Taipei, Taiwan","Discharge : Taipei, Taiwan"
SOFRECOM SA,"Vincennes, France",,Origin : ,"Loading : Vincennes, France","Discharge : Vincennes, France"
SONYCO INDUSTRIAL CO. LTD,"Taipei, Taiwan",* SPARE,Origin : Taiwan,"Loading : Taipei, Taiwan","Discharge : Taipei, Taiwan"
"SPINREACT,S.A.U                   ","Girona, Spain",* MEDICAL,Origin : ,"Loading : Girona, Spain","Discharge : Girona, Spain"
STEEL AUTHORITY OF INDIA,"New Delhi, India",* STEEL,Origin : India,"Loading : New Delhi, India","Discharge : New Delhi, India"
"STERIOCHIP CO., LIMITED","Hongkong, China",,Origin : China,"Loading : Hongkong, China","Discharge : Hongkong, China"
STIF ASIA PTV LTD,Jurong East Singapore,,Origin : ,Loading : Jurong East Singapore,Discharge : Jurong East Singapore
Stirling Bridge General Trading,"Hukou, China",,Origin : China,"Loading : Hukou, China","Discharge : Hukou, China"
STIRLING TRADING GMBH,"Hamburg, Germany",* AUTO SPARE,Origin : ,"Loading : Hamburg, Germany","Discharge : Hamburg, Germany"
STONES NET,"London, Uk",,Origin : ,"Loading : London, Uk","Discharge : London, Uk"
SUD-CHEMIE INDIA PVT. LTD,"Gujarat, India",* CHEMICAL,Origin : India,"Loading : Gujarat, India","Discharge : Gujarat, India"
"SUIZHOU WANRUI AUTO PARTS CO., LTD","Suizhou, China",*,Origin : China,"Loading : Suizhou, China","Discharge : Suizhou, China"
"SUN KOREA CO.,LTD  ","Busan, Korea",*,Origin : South Korea,"Loading : Busan, Korea","Discharge : Busan, Korea"
SUNSHINE TEA (PVT) LIMITED,"Kelaniya, Sri Lanka",* FOOD,Origin : ,"Loading : Kelaniya, Sri Lanka","Discharge : Kelaniya, Sri Lanka"
SURXON IMPORT & EXPORT AGRO LLC,"Tashkent, Usbekistan",,Origin : ,"Loading : Tashkent, Usbekistan","Discharge : Tashkent, Usbekistan"
SURYA ABADI FURNITURE,"Central Java, Indonesia",* FURNITURE,Origin : ,"Loading : Central Java, Indonesia","Discharge : Central Java, Indonesia"
SUZHOU CLEANSTAR ELECTRIC APPLIANCE CO. LTD,"Shanghai, China",* APPLIANCE,Origin : China,"Loading : Shanghai, China","Discharge : Shanghai, China"
"Suzhou SLUN Import & Export Co.,Ltd","Jiangsu Province,China",,Origin : China,"Loading : Jiangsu Province,China","Discharge : Jiangsu Province,China"
SYMRISE AG,"Holzminden, Germany",* FOOD,Origin : Germany,"Loading : Holzminden, Germany","Discharge : Holzminden, Germany"
TAIDOC TECHNOLOGY CORPORATION,"Taipei, Taiwan",* ELECTRONIC,Origin : Taiwan,"Loading : Taipei, Taiwan","Discharge : Taipei, Taiwan"
TAILIJUN TRADING CO. LIMITED,,,Origin : ,Loading : ,Discharge : 
"Tangshan Imex Industrial Co.,LTD.","Tangshan, China",* MATERIAL,Origin : China,"Loading : Tangshan, China","Discharge : Tangshan, China"
TECHCERAMIC-M JSC          ,"Mezdra, Bulgaria",* MATERIAL,Origin : ,"Loading : Mezdra, Bulgaria","Discharge : Mezdra, Bulgaria"
TEW INDUSTRY CO. LTD.,"Kaohsiung, Taiwan",* SPARE,Origin : ,"Loading : Kaohsiung, Taiwan","Discharge : Kaohsiung, Taiwan"
TFOD Lifestyles Pvt. Ltd.,"Mumbai, India",* FURNITURE,Origin : India,"Loading : Mumbai, India","Discharge : Mumbai, India"
THAI AIRWAYS INTERNATIONAL,"Bangkok,Thailand",,Origin : ,"Loading : Bangkok,Thailand","Discharge : Bangkok,Thailand"
Tianjin Kaigui Machinery Co. Ltd.,"Tianjin, China",,Origin : China,"Loading : Tianjin, China","Discharge : Tianjin, China"
TIANJIN KELETRI MACHINERY AND ELECTRIC EQUIPMENT TRADING CO. LTD,"Tianjin, China",* ELECTRONIC,Origin : China,"Loading : Tianjin, China","Discharge : Tianjin, China"
Tianjin Tiangang Group Co Ltd,"Tianjin, China",* STEEL,Origin : China,"Loading : Tianjin, China","Discharge : Tianjin, China"
"TIANJIN TIANGANG WEIYE STEEL TUBE CO., LTD","Tianjin, China",* STEEL,Origin : China,"Loading : Tianjin, China","Discharge : Tianjin, China"
TODINI DISTRIBUTION OF CHEMICAL PRODUCTS,"Monza, Italia",* CHEMICAL,Origin : ,"Loading : Monza, Italia","Discharge : Monza, Italia"
TRANSFLUID SPA ITALY,"Gallarate, Italy",* HEAVY,Origin : Italy,"Loading : Gallarate, Italy","Discharge : Gallarate, Italy"
TREASURE SUN DEVELOPMENT LIMITED,"London, Uk",*,Origin : ,"Loading : London, Uk","Discharge : London, Uk"
TRUNDER AND FOLDS AWAY BEDS,"Aukland, New Zealand",,Origin : ,"Loading : Aukland, New Zealand","Discharge : Aukland, New Zealand"
TSS Fortune Co Ltd,,,Origin : ,Loading : ,Discharge : 
TUNATEK LTD. CO,"Cankaya, Turkey",,Origin : Turkey,"Loading : Cankaya, Turkey","Discharge : Cankaya, Turkey"
"TUNGTHIH ELECTRONIC CO., LTD","Shanghai, China",*,Origin : China,"Loading : Shanghai, China","Discharge : Shanghai, China"
"TURBO - TECH CO., LTD","Taipei, Taiwan",,Origin : Taiwan,"Loading : Taipei, Taiwan","Discharge : Taipei, Taiwan"
UAB NADY,"Frankfurt,Germany",,Origin : Germany,"Loading : Frankfurt,Germany","Discharge : Frankfurt,Germany"
"UNI TOOLING CO., LIMITED","Guandong, China",,Origin : China,"Loading : Guandong, China","Discharge : Guandong, China"
UNION COMMODITIES PRIVATE LTD,"Colombo, Sri Lanka",* FOOD,Origin : ,"Loading : Colombo, Sri Lanka","Discharge : Colombo, Sri Lanka"
UNITED RAW MATERIAL SOLUTIONS INC.,"Taipei, Taiwan",*,Origin : Taiwan,"Loading : Taipei, Taiwan","Discharge : Taipei, Taiwan"
Unitherm Cemcon Feuerungsanlagen GmbH,"Vienna, Austria",* BUILDING MATERIAL,Origin : ,"Loading : Vienna, Austria","Discharge : Vienna, Austria"
Universal World Entertainment Group,,,Origin : ,Loading : ,Discharge : 
UPCAST OY,"Pori, Finland",,Origin : ,"Loading : Pori, Finland","Discharge : Pori, Finland"
"URIT Medical Electronic Group Co., Ltd  ","Jiuhua Guilin, China",*,Origin : China,"Loading : Jiuhua Guilin, China","Discharge : Jiuhua Guilin, China"
UTSCH MOVERS MIDDLE LEAST,"Siegen, Germany",*,Origin : Germany,"Loading : Siegen, Germany","Discharge : Siegen, Germany"
V.MANE FILES S.A,"Le Bar, France",* FOOD,Origin : ,"Loading : Le Bar, France","Discharge : Le Bar, France"
VANGURD TEC MAKINA SANAYI,,,Origin : ,Loading : ,Discharge : 
VENED?KTEKS TEKST?L KUYUMCULUK SANAY? VE DI? T?CARET L?M?TED ??RKET?,Istanbul Turkey,,Origin : Turkey,Loading : Istanbul Turkey,Discharge : Istanbul Turkey
VITALTEC CORPORATION,"Taichung, Taiwan",,Origin : ,"Loading : Taichung, Taiwan","Discharge : Taichung, Taiwan"
VMANE FILES S.A.,"Le Bar-Sur-Loup, France",* FOOD,Origin : ,"Loading : Le Bar-Sur-Loup, France","Discharge : Le Bar-Sur-Loup, France"
VOLTRONIC POWER TECHNOLOGY CORP.,"Taipei, Taiwan",,Origin : Taiwan,"Loading : Taipei, Taiwan","Discharge : Taipei, Taiwan"
w & T co,,,Origin : ,Loading : ,Discharge : 
WABCO,"Auderghem, Belgium",*ELECTRONIC,Origin : ,"Loading : Auderghem, Belgium","Discharge : Auderghem, Belgium"
WAYMAX GMBH CO.,"Berlin, Germany",,Origin : Germany,"Loading : Berlin, Germany","Discharge : Berlin, Germany"
WEBER HYDRAULIK GMBH,"Losenstein, Austria",*SPARE,Origin : ,"Loading : Losenstein, Austria","Discharge : Losenstein, Austria"
WEIHUI TRADING CO LIMITED,"Xiaobei Road, Guangzhou, Guangdong",,Origin : ,"Loading : Xiaobei Road, Guangzhou, Guangdong","Discharge : Xiaobei Road, Guangzhou, Guangdong"
WELLBANK GLOBAL PTE LTD,"Singapore, Singapore",* HEAVY,Origin : ,"Loading : Singapore, Singapore","Discharge : Singapore, Singapore"
WENLING JIANGNAN SPARE PARTS FACTORY,Zhejiang China,* SPARE,Origin : China,Loading : Zhejiang China,Discharge : Zhejiang China
"WENZHOU HONKIN INDUSTRIAL CO.,LTD","Zhejiang, China",*,Origin : China,"Loading : Zhejiang, China","Discharge : Zhejiang, China"
"WENZHOU HUAXING INTERNATIONAL TRADE CO., LTD","Wenzhou, China",,Origin : China,"Loading : Wenzhou, China","Discharge : Wenzhou, China"
WENZHOU IMPORT & EXPORT UNITED CO. LTD,"Wenzhou,China",,Origin : China,"Loading : Wenzhou,China","Discharge : Wenzhou,China"
WENZHOU ROCKGRAND TRADE CO. LTD.,"Wenzhou, Zhejiang, China (325000)",,Origin : China,"Loading : Wenzhou, Zhejiang, China (325000)","Discharge : Wenzhou, Zhejiang, China (325000)"
WENZHOU YANLENG IMP AND EXP CO. LTD,"Wenzhou, China",,Origin : China,"Loading : Wenzhou, China","Discharge : Wenzhou, China"
West Medica Produktions- und Handels- GmbH,"Perchtoldsdorf, Austria",* MEDICAL,Origin : ,"Loading : Perchtoldsdorf, Austria","Discharge : Perchtoldsdorf, Austria"
WILLIAMSON OVERSEAS TRADING CORPORATION,"Kerala, India",* BUILDING MATERIAL,Origin : India,"Loading : Kerala, India","Discharge : Kerala, India"
WOKU-Filtermedien GmbH & Co. KG,Beckum-Neubeckum Germany,*,Origin : Germany,Loading : Beckum-Neubeckum Germany,Discharge : Beckum-Neubeckum Germany
WOLVERINE DATA INC,"Taoyuan, Taiwan",,Origin : ,"Loading : Taoyuan, Taiwan","Discharge : Taoyuan, Taiwan"
WONATECH CO. LTD.,"Seoul, South Korea",* ELECTRONIC,Origin : South Korea,"Loading : Seoul, South Korea","Discharge : Seoul, South Korea"
Wonderwood,"Amsterdam, Netherlands",*,Origin : ,"Loading : Amsterdam, Netherlands","Discharge : Amsterdam, Netherlands"
WONG'S CERAMIC MINERALS COMPANY LIMITED,"Hongkong, China",,Origin : China,"Loading : Hongkong, China","Discharge : Hongkong, China"
"WOODPARK FURNITURE CO., PTE LTD","Singapore, Singapore",* FURNITURE,Origin : ,"Loading : Singapore, Singapore","Discharge : Singapore, Singapore"
"WOOSIM SYSTEMS, INC",,,Origin : ,Loading : ,Discharge : 
"WuHan HuaSweet Co., Ltd","Hubei,China",,Origin : China,"Loading : Hubei,China","Discharge : Hubei,China"
WUXI DOUBLE ELEPHANT RUBBER AND PLASTIC MACHINERY CO. LTD,"Jiangsu, China",*,Origin : China,"Loading : Jiangsu, China","Discharge : Jiangsu, China"
XIAMEN BOLAND REFRIGIRATOR EQUIPMENT CO LTD,Xiamen China,,Origin : China,Loading : Xiamen China,Discharge : Xiamen China
"Xusen HCR Digital Media CO.,LTD",,,Origin : ,Loading : ,Discharge : 
"YANCHENG HONGTAI ALLOY ELECTRIC APPARATUS CO., LTD","Jiangsu, China",,Origin : China,"Loading : Jiangsu, China","Discharge : Jiangsu, China"
YILLONG CHEMICAL GROUP LTD,"Shanghai, China",*,Origin : China,"Loading : Shanghai, China","Discharge : Shanghai, China"
yiyang city huachang antimony industry,"Hong Kong , China",,Origin : China,"Loading : Hong Kong , China","Discharge : Hong Kong , China"
YONGKANG YIZHOU INDUSTRY AND TRADE CO LTD,"Jinhua City, China",,Origin : China,"Loading : Jinhua City, China","Discharge : Jinhua City, China"
YOUERTE,"Anhui, China",,Origin : China,"Loading : Anhui, China","Discharge : Anhui, China"
YUNNAN YUNWEI GROUP CO. LTD,"Qujing Shi, Yunnan Sheng, China",,Origin : China,"Loading : Qujing Shi, Yunnan Sheng, China","Discharge : Qujing Shi, Yunnan Sheng, China"
ZAOZEO ELECTRONICS HONGKONG CHINA,"Hong Kong , China",* ELECTRONIC,Origin : China,"Loading : Hong Kong , China","Discharge : Hong Kong , China"
ZEITGEIST GMBH,"Berlin, Germany",,Origin : Germany,"Loading : Berlin, Germany","Discharge : Berlin, Germany"
"ZEZ SILKO, SRA","Shanghai, China",* ELECTRONIC,Origin : China,"Loading : Shanghai, China","Discharge : Shanghai, China"
ZHANGTAO HOU BUILDING,"Hongkong, China",,Origin : China,"Loading : Hongkong, China","Discharge : Hongkong, China"
ZHEIJIANG ANYSA ENVIRONMENTAL SCIENCE AND TECHNOLOGY CORP,"Zheijiang, China",,Origin : China,"Loading : Zheijiang, China","Discharge : Zheijiang, China"
"ZHEIJIANG XINMING IMPORT & EXPORT CO., LTD","Zheijiang, China",,Origin : China,"Loading : Zheijiang, China","Discharge : Zheijiang, China"
Zhejiang Anysa Environmental Science and Technology Corp.,Zhejiang China,,Origin : China,Loading : Zhejiang China,Discharge : Zhejiang China
Zhejiang Fenzi Paints & Sealants Co Ltd,"
Jiaxing, China",,Origin : China,"Loading : 
Jiaxing, China","Discharge : 
Jiaxing, China"
ZHEJIANG PFLUON NEW MATERIALS CO. LTD.,"Zhejiang, China",*,Origin : China,"Loading : Zhejiang, China","Discharge : Zhejiang, China"
ZHEJIANG RONGSHUN TECH LTD SHANGHAI CHINA,"Shanghai, China",*,Origin : China,"Loading : Shanghai, China","Discharge : Shanghai, China"
"Zhejiang SANRONG Refrigeration components co., ltd   ","Shanghai,",,Origin : China,"Loading : Shanghai,","Discharge : Shanghai,"
"ZHEJIANG SANTIAN A/C COMPRESSOR CO., LTD",Zheijiang China,,Origin : China,Loading : Zheijiang China,Discharge : Zheijiang China
ZHEJIANG SHENGLU KI,,,Origin : ,Loading : ,Discharge : 
ZHEJIANG TALENT LIMITED,"Zhejiang, China",,Origin : China,"Loading : Zhejiang, China","Discharge : Zhejiang, China"
"Zhuhai Elephant Abrasives Co., Ltd",,,Origin : ,Loading : ,Discharge : 
"See World Optical Co., Ltd","Okcheon,South Korea",,Origin : South Korea,"Loading : Okcheon,South Korea","Discharge : Okcheon,South Korea"
SEEDEX S.R.L,"Sassuolo, Italy",*,Origin : Italy,"Loading : Sassuolo, Italy","Discharge : Sassuolo, Italy"
SUFFIX NATURE LANKA (PVT) LTD,"Ja-Ela, Sri Lanka",,Origin : ,"Loading : Ja-Ela, Sri Lanka","Discharge : Ja-Ela, Sri Lanka"
SUNHEX SPORT GMBH AND CO KG,"Gladbach, Germany",,Origin : Germany,"Loading : Gladbach, Germany","Discharge : Gladbach, Germany"
TANNPAPIER GmbH,"Traun, Austria",*,Origin : ,"Loading : Traun, Austria","Discharge : Traun, Austria"
TELEDYNE ICM S.A,"Andrimont, Belgium",*,Origin : ,"Loading : Andrimont, Belgium","Discharge : Andrimont, Belgium"
"Shanghai Bestway International Co., Ltd","Shanghai, China",,Origin : China,"Loading : Shanghai, China","Discharge : Shanghai, China"
SHREE VIJAYLAXMI ENTERPRISES,"Jodhpur, India",*,Origin : India,"Loading : Jodhpur, India","Discharge : Jodhpur, India"
SIGNOTEC GMBH,"Ratingen, Germany",*,Origin : Germany,"Loading : Ratingen, Germany","Discharge : Ratingen, Germany"
ZHANGTAO HOU BUILDING,"Hongkong, China",*,Origin : China,"Loading : Hongkong, China","Discharge : Hongkong, China"
S.I.P.A. S.p.A,"Vittorio Veneto, Italy",*,Origin : Italy,"Loading : Vittorio Veneto, Italy","Discharge : Vittorio Veneto, Italy"
"TNR International Co., LTD.","Shanghai, China",*,Origin : China,"Loading : Shanghai, China","Discharge : Shanghai, China"
"Shijiazhuang Jili Textile Lining Cloth Co.,Ltd","Hebei, China",,Origin : China,"Loading : Hebei, China","Discharge : Hebei, China"
AERZENER MASCHINENF ABRIK GMBH,"Hamburg, Germany",*,Origin : Germany,"Loading : Hamburg, Germany","Discharge : Hamburg, Germany"
GOLDEN CATTLE DESIGN INTEGRATED SOURCE CO LTD,"Tainan City, Taiwan",*,Origin : ,"Loading : Tainan City, Taiwan","Discharge : Tainan City, Taiwan"
Acciona S A,"Vallès, Spain",* CONSTRUCTION,Origin : ,"Loading : Vallès, Spain","Discharge : Vallès, Spain"
Metalcraft Europe Ltd,"Bradford, U.K",,Origin : ,"Loading : Bradford, U.K","Discharge : Bradford, U.K"
Lendlease,"Milan, Italy",,Origin : Italy,"Loading : Milan, Italy","Discharge : Milan, Italy"
JIANGSU METAL LIMITED,"Jiangsu, China",,Origin : China,"Loading : Jiangsu, China","Discharge : Jiangsu, China"
Axis Europe PLC,Axis Europe Plc,,Origin : ,Loading : Axis Europe Plc,Discharge : Axis Europe Plc
Mace Ltd,"Manchester, England",* CONSTRUCTION,Origin : ,"Loading : Manchester, England","Discharge : Manchester, England"
ATLAS MACHINES INDIA,"Mumbai, India",*,Origin : India,"Loading : Mumbai, India","Discharge : Mumbai, India"
PARMIS TRADING CO. LTD   ,"Shanghai, China",*ELECTRONIC,Origin : China,"Loading : Shanghai, China","Discharge : Shanghai, China"
Sarbak Metal Ticaret Ve Sanayii AS,Istanbul Turkey,,Origin : Turkey,Loading : Istanbul Turkey,Discharge : Istanbul Turkey
